Ticker;Exchange;Prezzo;POC1;POC2;POC3;Sopra_3POC;DD_da_ATH%;DD_YTD%;DD_2026%;DD_Medio_Storico%;Max_DD_Storico%;Distanza%;StdDev%;CV%;Affidabilità%;Body_D%;Body_D_Flag;Body_W%;Body_W_Flag;Link_TV_W;Market_Cap
A2A;MIL;2,27;2,14;1,2;1,2;YES;-72,5;-1,94;15,6;28,9;63,6;-13,3;17,0;58,7;41,3;19,4;NO;28,9;NO;https://www.tradingview.com/chart/?symbol=MIL%3AA2A&interval=W;7093266432,0
AAPL;NASDAQ;302,25;3,14;298,13;3,14;YES;0,0;11,53;11,3;34,1;80,6;-22,8;17,2;50,2;49,8;48,1;NO;63,6;NO;https://www.tradingview.com/chart/?symbol=NASDAQ%3AAAPL&interval=W;4439253450752,0
ACGL;NASDAQ;95,21;7,03;91,82;7,1;YES;-17,11;1,44;9,6;17,8;53,8;-8,2;11,5;64,5;35,5;34,5;NO;7,3;NO;https://www.tradingview.com/chart/?symbol=NASDAQ%3AACGL&interval=W;33254901760,0
ADM;NYSE;78,25;3,22;60,48;3,23;YES;-20,33;32,51;9,3;26,2;68,3;-16,9;10,9;41,7;58,3;68,2;NO;45,3;NO;https://www.tradingview.com/chart/?symbol=NYSE%3AADM&interval=W;37770932224,0
ADP;NASDAQ;220,69;3,62;209,86;3,62;YES;-32,47;-12,73;29,0;22,4;70,2;6,6;13,5;60,2;39,8;35,2;NO;28,6;NO;https://www.tradingview.com/chart/?symbol=NASDAQ%3AADP&interval=W;88217354240,0
ADSK;NASDAQ;235,68;4,01;216,57;4,01;YES;-31,14;-17,8;25,6;34,8;70,2;-9,2;14,7;42,3;57,7;36,3;NO;26,5;NO;https://www.tradingview.com/chart/?symbol=NASDAQ%3AADSK&interval=W;49766932480,0
AEP;NASDAQ;128,87;35,05;127,54;35,35;YES;-6,04;11,28;8,7;19,1;63,2;-10,4;10,6;55,4;44,6;69,3;NO;74,0;YES;https://www.tradingview.com/chart/?symbol=NASDAQ%3AAEP&interval=W;70118809600,0
AES;NYSE;14,66;4,78;11,92;11,92;YES;-79,24;-1,05;19,0;33,4;94,7;-14,4;20,0;59,9;40,1;100,0;YES;57,9;NO;https://www.tradingview.com/chart/?symbol=NYSE%3AAES&interval=W;10462023680,0
AIG;NYSE;77,11;26,3;61,87;61,87;YES;-95,8;-8,5;14,8;26,5;97,7;-11,7;17,5;66,2;33,8;5,2;NO;27,3;NO;https://www.tradingview.com/chart/?symbol=NYSE%3AAIG&interval=W;40916013056,0
AIZ;NYSE;253,99;35,34;253,94;35,34;YES;-1,62;6,84;12,9;22,6;81,8;-9,7;16,7;73,6;26,4;32,7;NO;80,7;YES;https://www.tradingview.com/chart/?symbol=NYSE%3AAIZ&interval=W;12569243648,0
ALB;NYSE;169,27;63,1;122,16;63,1;YES;-47,98;17,61;21,6;30,1;64,1;-8,5;14,3;47,5;52,5;5,2;NO;75,5;YES;https://www.tradingview.com/chart/?symbol=NYSE%3AALB&interval=W;19963977728,0
AMD;NASDAQ;447,58;4,84;435,93;4,84;YES;-2,44;100,29;26,5;48,2;91,2;-21,7;17,1;35,5;64,5;4,1;NO;79,5;YES;https://www.tradingview.com/chart/?symbol=NASDAQ%3AAMD&interval=W;729824165888,0
AMZN;NASDAQ;265,01;2,91;263,26;2,91;YES;-3,63;17,0;19,6;32,5;83,0;-12,9;18,4;56,7;43,3;38,2;NO;44,7;NO;https://www.tradingview.com/chart/?symbol=NASDAQ%3AAMZN&interval=W;2850741813248,0
APA;NASDAQ;39,75;26,26;23,09;23,46;YES;-72,92;56,74;19,9;34,6;88,0;-14,7;13,9;40,2;59,8;67,8;NO;75,5;YES;https://www.tradingview.com/chart/?symbol=NASDAQ%3AAPA&interval=W;14032769024,0
APP;NASDAQ;482,28;31,68;471,16;31,68;YES;-34,26;-22,0;45,1;46,9;90,1;-1,8;24,5;52,3;47,7;80,5;YES;77,6;YES;https://www.tradingview.com/chart/?symbol=NASDAQ%3AAPP&interval=W;162016903168,0
ARM;NASDAQ;256,73;126,9;226,43;126,9;YES;0,0;123,77;15,4;39,9;52,3;-24,5;11,4;28,7;71,3;65,1;NO;9,4;NO;https://www.tradingview.com/chart/?symbol=NASDAQ%3AARM&interval=W;273160372224,0
AVB;NYSE;181,91;48,89;177,94;177,46;YES;-29,56;0,79;12,6;19,0;60,3;-6,4;12,4;65,0;35,0;23,5;NO;53,8;NO;https://www.tradingview.com/chart/?symbol=NYSE%3AAVB&interval=W;25296136192,0
AVGO;NASDAQ;417,76;5,93;415,92;5,93;YES;-5,01;20,18;17,3;24,2;48,3;-6,9;9,8;40,6;59,4;10,4;NO;6,5;NO;https://www.tradingview.com/chart/?symbol=NASDAQ%3AAVGO&interval=W;1977955123200,0
AXP;NYSE;309,82;5,23;301,8;5,25;YES;-19,5;-16,88;23,8;26,4;66,4;-2,6;14,0;53,2;46,8;26,7;NO;20,9;NO;https://www.tradingview.com/chart/?symbol=NYSE%3AAXP&interval=W;211398393856,0
BA;NYSE;222,2;4,93;172,79;4,93;YES;-49,57;-2,45;25,0;28,8;72,7;-3,9;14,8;51,5;48,5;63,3;NO;80,2;YES;https://www.tradingview.com/chart/?symbol=NYSE%3ABA&interval=W;175160770560,0
BALL;NYSE;56,05;1,17;55,97;1,17;YES;-42,75;5,06;18,7;24,2;63,6;-5,5;11,0;45,5;54,5;71,9;YES;90,5;YES;https://www.tradingview.com/chart/?symbol=NYSE%3ABALL&interval=W;14919122944,0
BAS;XETR;51,92;21,3;45,51;44,26;YES;-46,84;16,15;13,2;24,6;61,9;-11,4;11,9;48,3;51,7;81,6;YES;30,3;NO;https://www.tradingview.com/chart/?symbol=XETR%3ABAS&interval=W;45914165248,0
BG;NYSE;119,25;55,19;70,34;57,89;YES;-10,34;28,72;8,5;25,9;77,5;-17,4;13,9;53,6;46,4;43,8;NO;39,8;NO;https://www.tradingview.com/chart/?symbol=NYSE%3ABG&interval=W;23148300288,0
BKR;NASDAQ;66,79;31,43;64,54;31,43;YES;-4,13;41,68;16,9;32,0;70,9;-15,1;15,1;47,1;52,9;72,0;YES;6,7;NO;https://www.tradingview.com/chart/?symbol=NASDAQ%3ABKR&interval=W;66260267008,0
BMED;MIL;19,41;5,12;17,76;5,16;YES;-4,03;-1,4;18,7;32,1;65,3;-13,4;14,8;46,0;54,0;84,6;YES;49,3;NO;https://www.tradingview.com/chart/?symbol=MIL%3ABMED&interval=W;14346411008,0
BMY;NYSE;58,54;24,74;49,22;24,74;YES;-27,84;9,5;10,7;22,7;59,9;-12,0;9,8;43,3;56,7;63,7;NO;48,5;NO;https://www.tradingview.com/chart/?symbol=NYSE%3ABMY&interval=W;119542857728,0
CB;NYSE;328,38;51,85;327,85;51,85;YES;-4,2;5,91;7,8;22,1;55,6;-14,3;13,9;62,9;37,1;11,6;NO;22,7;NO;https://www.tradingview.com/chart/?symbol=NYSE%3ACB&interval=W;127365496832,0
CCI;NYSE;92,06;37,23;88,26;37,23;YES;-55,9;3,79;16,2;29,0;91,1;-12,8;21,7;74,6;25,4;89,9;YES;58,6;NO;https://www.tradingview.com/chart/?symbol=NYSE%3ACCI&interval=W;40157945856,0
CDNS;NASDAQ;350,89;12,29;295,64;12,29;YES;-6,02;13,04;18,8;33,4;84,5;-14,6;19,3;57,7;42,3;44,5;NO;61,2;NO;https://www.tradingview.com/chart/?symbol=NASDAQ%3ACDNS&interval=W;96781082624,0
CHRW;NASDAQ;176,79;58,63;167,54;58,63;YES;-11,86;7,98;20,3;22,9;44,9;-2,5;7,8;33,9;66,1;40,2;NO;36,5;NO;https://www.tradingview.com/chart/?symbol=NASDAQ%3ACHRW&interval=W;20808128512,0
CI;NYSE;283,1;6,75;275,69;6,75;YES;-22,83;1,43;12,4;27,1;84,4;-14,7;14,7;54,1;45,9;43,6;NO;27,8;NO;https://www.tradingview.com/chart/?symbol=NYSE%3ACI&interval=W;74889125888,0
CIEN;NYSE;554,76;59,92;15,71;15,71;YES;-46,99;125,46;16,8;45,2;90,9;-28,4;22,0;48,6;51,4;63,5;NO;6,8;NO;https://www.tradingview.com/chart/?symbol=NYSE%3ACIEN&interval=W;78442192896,0
CINF;NASDAQ;166,71;26,97;164,26;26,97;YES;-3,44;3,23;11,0;21,9;66,0;-10,9;14,1;64,3;35,7;48,6;NO;73,4;YES;https://www.tradingview.com/chart/?symbol=NASDAQ%3ACINF&interval=W;25653248000,0
CME;NASDAQ;290,12;56,76;286,29;56,97;YES;-11,13;7,58;13,8;20,2;76,8;-6,3;14,5;71,8;28,2;59,8;NO;72,4;YES;https://www.tradingview.com/chart/?symbol=NASDAQ%3ACME&interval=W;105127698432,0
CNC;NYSE;57,98;6,16;34,82;6,16;YES;-40,36;38,77;32,7;31,5;61,7;1,2;13,4;42,4;57,6;63,3;NO;44,2;NO;https://www.tradingview.com/chart/?symbol=NYSE%3ACNC&interval=W;28864903168,0
COHR;NYSE;362,14;4,31;358,9;4,31;YES;-10,57;86,35;26,5;38,8;75,3;-12,3;14,1;36,3;63,7;21,4;NO;49,9;NO;https://www.tradingview.com/chart/?symbol=NYSE%3ACOHR&interval=W;70461464576,0
CON;XETR;66,12;48,67;49,33;48,67;YES;-61,13;-3,16;23,2;31,1;68,8;-7,9;15,0;48,2;51,8;38,5;NO;60,3;NO;https://www.tradingview.com/chart/?symbol=XETR%3ACON&interval=W;13224395776,0
COP;NYSE;122,36;5,5;111,61;5,5;YES;-9,32;26,54;14,9;25,0;65,9;-10,1;11,8;47,2;52,8;39,9;NO;91,9;YES;https://www.tradingview.com/chart/?symbol=NYSE%3ACOP&interval=W;149070462976,0
COST;NASDAQ;1074,01;34,48;1072,25;34,48;YES;-1,86;25,69;5,5;23,7;62,5;-18,2;13,9;58,5;41,5;71,0;YES;59,6;NO;https://www.tradingview.com/chart/?symbol=NASDAQ%3ACOST&interval=W;476487286784,0
CPAY;NYSE;343,4;151,07;326,82;151,07;YES;-11,85;14,24;20,2;23,9;47,8;-3,7;10,4;43,8;56,2;45,2;NO;73,0;YES;https://www.tradingview.com/chart/?symbol=NYSE%3ACPAY&interval=W;22458683392,0
CRWD;NASDAQ;650,11;139,34;614,44;139,34;YES;0,0;43,33;26,9;41,1;58,3;-14,3;14,0;34,1;65,9;14,8;NO;92,2;YES;https://www.tradingview.com/chart/?symbol=NASDAQ%3ACRWD&interval=W;165476745216,0
CSX;NASDAQ;45,94;1,75;45,87;1,76;YES;-0,56;26,66;11,6;24,3;55,8;-12,8;11,2;46,1;53,9;17,1;NO;56,3;NO;https://www.tradingview.com/chart/?symbol=NASDAQ%3ACSX&interval=W;85362900992,0
CVS;NYSE;93,28;31,53;74,31;31,53;YES;-17,78;16,41;16,4;26,8;72,4;-10,4;14,3;53,3;46,7;66,7;NO;60,7;NO;https://www.tradingview.com/chart/?symbol=NYSE%3ACVS&interval=W;119018496000,0
CVX;NYSE;191,33;103,14;189,43;104,23;YES;-9,39;22,73;14,0;20,6;55,3;-6,6;10,4;50,6;49,4;43,0;NO;95,3;YES;https://www.tradingview.com/chart/?symbol=NYSE%3ACVX&interval=W;381052387328,0
DAL;NYSE;73,03;10,14;67,99;10,2;YES;-3,08;5,75;23,1;37,0;75,0;-13,9;17,3;46,8;53,2;80,6;YES;80,0;YES;https://www.tradingview.com/chart/?symbol=NYSE%3ADAL&interval=W;47986868224,0
DB1;XETR;257,7;52,05;210,67;52,05;YES;-12,05;17,4;9,2;22,9;64,6;-13,7;13,5;59,0;41,0;46,3;NO;0,9;NO;https://www.tradingview.com/chart/?symbol=XETR%3ADB1&interval=W;46928703488,0
DD;NYSE;46,77;30,99;45,62;31,45;YES;-9,24;14,44;17,6;26,1;64,8;-8,5;13,0;49,7;50,3;37,4;NO;25,4;NO;https://www.tradingview.com/chart/?symbol=NYSE%3ADD&interval=W;19180218368,0
DDOG;NASDAQ;215,2;88,54;210,05;88,54;YES;0,0;60,87;27,5;38,0;61,5;-10,6;12,1;31,7;68,3;1,5;NO;64,7;NO;https://www.tradingview.com/chart/?symbol=NASDAQ%3ADDOG&interval=W;76324986880,0
DELL;NYSE;242,93;25,73;241,88;25,73;YES;-6,73;90,09;13,1;35,1;51,0;-22,0;14,4;41,0;59,0;8,1;NO;36,2;NO;https://www.tradingview.com/chart/?symbol=NYSE%3ADELL&interval=W;157799612416,0
DG;NYSE;100,65;72,92;84,35;72,92;YES;-61,35;-26,44;35,6;22,0;59,0;13,5;14,2;64,3;35,7;46,3;NO;82,2;YES;https://www.tradingview.com/chart/?symbol=NYSE%3ADG&interval=W;22192205824,0
DHL;XETR;47,7;12,75;38,39;12,75;YES;-21,64;1,92;14,3;28,4;70,3;-14,1;14,8;51,9;48,1;76,6;YES;23,0;NO;https://www.tradingview.com/chart/?symbol=XETR%3ADHL&interval=W;53410291712,0
DLTR;NASDAQ;91,38;10,04;71,21;10,04;YES;-47,51;-28,44;38,5;30,8;59,2;7,7;12,9;42,1;57,9;61,5;NO;55,7;NO;https://www.tradingview.com/chart/?symbol=NASDAQ%3ADLTR&interval=W;17792061440,0
DTE;XETR;28,85;15,34;14,63;14,63;YES;-72,13;3,48;21,5;26,3;69,6;-4,8;14,6;55,5;44,5;15,6;NO;25,5;NO;https://www.tradingview.com/chart/?symbol=XETR%3ADTE&interval=W;139576950784,0
DXCM;NASDAQ;70,97;2,01;68,8;2,02;YES;-56,41;6,66;22,6;39,0;85,5;-16,3;16,9;43,3;56,7;91,2;YES;23,4;NO;https://www.tradingview.com/chart/?symbol=NASDAQ%3ADXCM&interval=W;27422064640,0
EA;NASDAQ;201,45;19,16;200,64;19,16;YES;-1,63;-1,45;3,7;30,4;73,4;-26,6;14,5;47,8;52,2;24,2;NO;2,7;NO;https://www.tradingview.com/chart/?symbol=NASDAQ%3AEA&interval=W;50511380480,0
EBAY;NASDAQ;116,57;6,51;116,42;6,51;YES;-2,01;33,9;17,3;31,2;77,1;-13,9;17,3;55,6;44,4;73,5;YES;72,9;YES;https://www.tradingview.com/chart/?symbol=NASDAQ%3AEBAY&interval=W;51717120000,0
EG;NYSE;354,53;71,48;336,35;71,48;YES;-14,49;5,99;8,7;20,7;45,4;-12,0;10,9;53,0;47,0;5,7;NO;7,8;NO;https://www.tradingview.com/chart/?symbol=NYSE%3AEG&interval=W;14021800960,0
EIX;NYSE;69,34;16,68;55,66;56,64;YES;-21,52;13,81;10,4;20,8;59,7;-10,4;11,6;55,7;44,3;93,7;YES;14,2;NO;https://www.tradingview.com/chart/?symbol=NYSE%3AEIX&interval=W;26639286272,0
ELV;NYSE;396,21;59,25;390,53;59,25;YES;-29,54;11,84;26,5;23,6;67,0;2,9;13,2;55,9;44,1;49,4;NO;46,1;NO;https://www.tradingview.com/chart/?symbol=NYSE%3AELV&interval=W;86041903104,0
ENI;MIL;24,0;23,39;13,55;13,6;YES;-15,28;46,68;12,6;22,7;58,9;-10,1;10,7;47,1;52,9;59,5;NO;52,1;NO;https://www.tradingview.com/chart/?symbol=MIL%3AENI&interval=W;70546014208,0
EOAN;XETR;18,36;12,83;8,76;12,0;YES;-58,58;11,75;12,0;22,9;53,9;-10,9;12,6;54,9;45,1;20,0;NO;8,1;NO;https://www.tradingview.com/chart/?symbol=XETR%3AEOAN&interval=W;47989178368,0
EOG;NYSE;141,63;9,68;134,15;9,68;YES;-5,51;32,03;14,3;29,5;66,7;-15,2;12,3;41,6;58,4;2,5;NO;91,4;YES;https://www.tradingview.com/chart/?symbol=NYSE%3AEOG&interval=W;75436179456,0
EQR;NYSE;64,54;60,06;62,37;61,73;YES;-30,78;4,05;11,6;20,5;54,8;-9,0;11,8;57,6;42,4;57,7;NO;80,0;YES;https://www.tradingview.com/chart/?symbol=NYSE%3AEQR&interval=W;24930234368,0
ES;NYSE;68,9;19,88;59,21;58,21;YES;-30,08;1,23;12,7;19,9;61,0;-7,2;11,4;57,3;42,7;27,6;NO;0,9;NO;https://www.tradingview.com/chart/?symbol=NYSE%3AES&interval=W;25911914496,0
ESS;NYSE;270,5;224,58;258,58;224,58;YES;-24,72;5,3;8,8;18,4;50,4;-9,6;11,1;60,2;39,8;72,0;YES;18,0;NO;https://www.tradingview.com/chart/?symbol=NYSE%3AESS&interval=W;18603524096,0
EVRG;NASDAQ;83,07;55,79;82,73;55,81;YES;-1,59;13,67;6,8;17,9;52,6;-11,1;10,7;59,6;40,4;14,9;NO;58,4;NO;https://www.tradingview.com/chart/?symbol=NASDAQ%3AEVRG&interval=W;19157938176,0
EW;NYSE;82,13;2,33;76,02;2,33;YES;-37,15;-3,75;11,6;24,0;50,5;-12,4;11,6;48,5;51,5;52,0;NO;28,5;NO;https://www.tradingview.com/chart/?symbol=NYSE%3AEW&interval=W;47342276608,0
EXC;NASDAQ;44,79;7,67;25,2;25,53;YES;-31,46;1,98;13,7;21,3;51,3;-7,6;10,5;49,1;50,9;29,9;NO;37,2;NO;https://www.tradingview.com/chart/?symbol=NASDAQ%3AEXC&interval=W;45829492736,0
EXPD;NYSE;156,3;1,86;144,82;1,86;YES;-5,3;2,92;15,9;23,1;49,1;-7,2;10,0;43,1;56,9;17,1;NO;12,2;NO;https://www.tradingview.com/chart/?symbol=NYSE%3AEXPD&interval=W;20390991872,0
F;NYSE;13,17;2,52;11,72;12,27;YES;-64,16;-1,27;22,3;30,3;85,1;-8,0;14,9;49,2;50,8;43,6;NO;33,8;NO;https://www.tradingview.com/chart/?symbol=NYSE%3AF&interval=W;52458479616,0
FBK;MIL;20,67;9,7;19,29;9,7;YES;-9,5;-8,09;20,2;25,5;41,1;-5,4;11,0;43,3;56,7;56,4;NO;39,6;NO;https://www.tradingview.com/chart/?symbol=MIL%3AFBK&interval=W;12646302720,0
FCX;NYSE;60,87;10,96;60,85;10,96;YES;-13,49;17,22;24,3;40,8;86,7;-16,5;16,4;40,2;59,8;22,1;NO;10,6;NO;https://www.tradingview.com/chart/?symbol=NYSE%3AFCX&interval=W;87504265216,0
FDX;NYSE;386,84;13,29;375,01;13,29;YES;-4,08;31,97;12,0;28,8;51,4;-16,8;11,5;39,9;60,1;40,7;NO;29,2;NO;https://www.tradingview.com/chart/?symbol=NYSE%3AFDX&interval=W;92302639104,0
FE;NYSE;45,12;29,93;38,45;39,07;YES;-45,78;-0,31;15,6;20,0;49,2;-4,4;9,9;49,5;50,5;36,8;NO;52,6;NO;https://www.tradingview.com/chart/?symbol=NYSE%3AFE&interval=W;26093029376,0
FFIV;NASDAQ;382,67;21,49;380,86;21,74;YES;-0,22;49,11;10,4;37,3;92,9;-27,0;20,0;53,6;46,4;4,8;NO;55,8;NO;https://www.tradingview.com/chart/?symbol=NASDAQ%3AFFIV&interval=W;21582901248,0
FITB;NASDAQ;48,47;43,49;12,93;13,75;YES;-30,16;1,59;21,2;22,9;88,0;-1,7;16,5;72,1;27,9;49,1;NO;75,0;YES;https://www.tradingview.com/chart/?symbol=NASDAQ%3AFITB&interval=W;43901730816,0
FIX;NYSE;1848,58;22,8;1836,83;22,8;YES;-9,49;84,19;13,4;34,9;76,4;-21,5;15,0;43,0;57,0;47,1;NO;25,3;NO;https://www.tradingview.com/chart/?symbol=NYSE%3AFIX&interval=W;65094385664,0
FOX;NASDAQ;56,65;36,63;52,13;36,65;YES;-16,4;-14,11;26,8;26,5;48,6;0,2;10,7;40,3;59,7;67,6;NO;2,3;NO;https://www.tradingview.com/chart/?symbol=NASDAQ%3AFOX&interval=W;23803553792,0
FRT;NYSE;115,24;52,21;102,15;103,89;YES;-32,35;16,37;7,0;19,5;49,8;-12,5;9,9;50,6;49,4;48,4;NO;78,9;YES;https://www.tradingview.com/chart/?symbol=NYSE%3AFRT&interval=W;9983012864,0
FSLR;NASDAQ;245,22;212,18;51,49;51,96;YES;-21,19;-10,61;32,7;43,3;82,1;-10,7;17,6;40,7;59,3;74,0;YES;62,1;NO;https://www.tradingview.com/chart/?symbol=NASDAQ%3AFSLR&interval=W;26304045056,0
FTNT;NASDAQ;127,74;5,42;127,64;5,42;YES;-1,74;64,02;14,3;27,9;42,3;-13,6;10,3;36,7;63,3;81,3;YES;95,1;YES;https://www.tradingview.com/chart/?symbol=NASDAQ%3AFTNT&interval=W;93463953408,0
FTV;NYSE;57,92;48,64;54,73;54,88;YES;-10,9;4,57;13,4;22,2;47,1;-8,8;11,5;51,7;48,3;50,6;NO;77,9;YES;https://www.tradingview.com/chart/?symbol=NYSE%3AFTV&interval=W;17657550848,0
G24;XETR;71,15;45,25;69,45;69,42;YES;-41,73;-16,54;27,5;20,2;30,3;7,3;9,4;46,5;53,5;10,5;NO;20,3;NO;https://www.tradingview.com/chart/?symbol=XETR%3AG24&interval=W;5031406592,0
GDDY;NYSE;89,92;74,57;86,19;74,75;YES;-58,05;-24,13;34,0;26,2;46,5;7,8;10,8;41,1;58,9;63,9;NO;36,8;NO;https://www.tradingview.com/chart/?symbol=NYSE%3AGDDY&interval=W;11910676480,0
GE;NYSE;300,17;62,92;285,69;62,92;YES;-13,18;-6,42;21,0;23,0;66,6;-2,0;14,9;64,8;35,2;10,2;NO;66,6;NO;https://www.tradingview.com/chart/?symbol=NYSE%3AGE&interval=W;313626525696,0
GEN;NASDAQ;24,71;17,43;20,77;17,44;YES;-27,66;-5,22;33,6;35,0;87,8;-1,3;16,0;45,8;54,2;66,2;NO;41,1;NO;https://www.tradingview.com/chart/?symbol=NASDAQ%3AGEN&interval=W;14990177280,0
GL;NYSE;154,85;2,13;153,02;2,13;YES;-1,59;11,87;8,1;22,6;63,2;-14,5;14,1;62,3;37,7;59,3;NO;38,8;NO;https://www.tradingview.com/chart/?symbol=NYSE%3AGL&interval=W;12017080320,0
GLW;NYSE;180,69;20,4;178,52;20,4;YES;-13,25;99,28;23,2;30,6;90,0;-7,5;17,4;56,7;43,3;18,7;NO;9,3;NO;https://www.tradingview.com/chart/?symbol=NYSE%3AGLW&interval=W;155508654080,0
GNRC;NYSE;245,16;43,83;111,61;44,81;YES;-51,53;73,75;21,6;30,9;74,2;-9,3;15,2;49,1;50,9;1,6;NO;;N/A;https://www.tradingview.com/chart/?symbol=NYSE%3AGNRC&interval=W;14485810176,0
GS;NYSE;982,12;152,62;940,93;152,62;YES;0,0;7,41;19,8;28,3;75,0;-8,5;14,6;51,8;48,2;28,3;NO;28,8;NO;https://www.tradingview.com/chart/?symbol=NYSE%3AGS&interval=W;289732689920,0
HAL;NYSE;42,36;31,83;39,29;31,83;YES;-42,77;43,11;9,3;32,8;81,8;-23,6;16,7;51,0;49,0;45,0;NO;67,1;NO;https://www.tradingview.com/chart/?symbol=NYSE%3AHAL&interval=W;35362390016,0
HAS;NASDAQ;87,9;27,08;59,66;27,21;YES;-30,28;5,94;17,0;30,8;80,0;-13,8;15,7;50,9;49,1;8,1;NO;57,9;NO;https://www.tradingview.com/chart/?symbol=NASDAQ%3AHAS&interval=W;12447204352,0
HBAN;NASDAQ;15,68;10,79;13,46;15,12;YES;-48,72;-10,3;22,1;24,3;87,2;-2,2;15,4;63,5;36,5;53,5;NO;70,2;YES;https://www.tradingview.com/chart/?symbol=NASDAQ%3AHBAN&interval=W;31775272960,0
HER;MIL;3,88;2,41;3,34;3,29;YES;-12,95;-3,62;14,2;21,2;54,6;-7,0;13,1;61,9;38,1;97,0;YES;65,4;NO;https://www.tradingview.com/chart/?symbol=MIL%3AHER&interval=W;5742003200,0
HLT;NYSE;323,87;49,05;316,49;49,05;YES;-5,55;10,54;10,3;21,9;50,9;-11,6;11,8;53,8;46,2;42,1;NO;15,3;NO;https://www.tradingview.com/chart/?symbol=NYSE%3AHLT&interval=W;73728475136,0
HON;NASDAQ;217,39;35,02;214,83;35,02;YES;-12,36;10,98;15,7;24,1;62,1;-8,4;13,1;54,2;45,8;4,6;NO;21,4;NO;https://www.tradingview.com/chart/?symbol=NASDAQ%3AHON&interval=W;137749856256,0
HPE;NYSE;33,55;15,59;33,4;15,59;YES;-1,7;38,81;17,3;28,8;51,6;-11,6;11,7;40,5;59,5;74,8;YES;36,7;NO;https://www.tradingview.com/chart/?symbol=NYSE%3AHPE&interval=W;44502687744,0
HSIC;NASDAQ;73,05;6,64;71,01;6,66;YES;-20,57;-4,91;17,2;23,8;76,7;-6,6;14,2;59,7;40,3;14,0;NO;38,4;NO;https://www.tradingview.com/chart/?symbol=NASDAQ%3AHSIC&interval=W;8310227456,0
HST;NASDAQ;22,05;2,46;16,77;16,37;YES;-48,88;21,39;9,3;30,9;80,8;-21,6;17,5;56,8;43,2;77,9;YES;73,3;YES;https://www.tradingview.com/chart/?symbol=NASDAQ%3AHST&interval=W;15297546240,0
HUM;NYSE;303,13;17,66;258,91;17,66;YES;-46,16;14,61;42,4;33,4;71,8;9,0;16,1;48,2;51,8;89,6;YES;80,6;YES;https://www.tradingview.com/chart/?symbol=NYSE%3AHUM&interval=W;36388839424,0
IFX;XETR;67,9;41,4;7,41;7,41;YES;-11,43;76,87;21,2;39,3;92,0;-18,1;20,5;52,1;47,9;82,4;YES;31,0;NO;https://www.tradingview.com/chart/?symbol=XETR%3AIFX&interval=W;88236032000,0
IG;MIL;10,06;3,77;5,12;5,07;YES;-17,87;4,08;13,3;20,3;38,6;-7,0;9,4;46,6;53,4;66,7;NO;62,0;NO;https://www.tradingview.com/chart/?symbol=MIL%3AIG&interval=W;10229403648,0
INCY;NASDAQ;95,82;6,29;66,02;6,29;YES;-37,23;-5,52;18,3;42,3;84,9;-24,0;17,5;41,3;58,7;55,8;NO;42,9;NO;https://www.tradingview.com/chart/?symbol=NASDAQ%3AINCY&interval=W;19160107008,0
INTC;NASDAQ;118,96;1,38;115,1;1,38;YES;-8,1;202,08;24,2;32,3;81,4;-8,1;15,3;47,4;52,6;35,8;NO;79,7;YES;https://www.tradingview.com/chart/?symbol=NASDAQ%3AINTC&interval=W;597892923392,0
ISP;MIL;5,58;2,97;2,35;2,35;YES;-10,81;-6,33;19,0;33,3;66,5;-14,3;17,1;51,3;48,7;68,8;NO;18,8;NO;https://www.tradingview.com/chart/?symbol=MIL%3AISP&interval=W;97252515840,0
IT;NYSE;155,5;20,11;152,8;9,02;YES;-71,82;-34,4;43,3;30,4;73,2;12,9;18,4;60,7;39,3;60,5;NO;41,4;NO;https://www.tradingview.com/chart/?symbol=NYSE%3AIT&interval=W;10424074240,0
IVZ;NYSE;26,93;6,73;17,78;17,71;YES;-46,78;-0,04;22,7;36,7;74,3;-14,0;18,0;49,0;51,0;31,2;NO;28,4;NO;https://www.tradingview.com/chart/?symbol=NYSE%3AIVZ&interval=W;11946845184,0
KEY;NYSE;21,28;15,82;8,12;7,77;YES;-50,66;1,43;18,6;24,3;76,3;-5,8;14,4;59,2;40,8;55,7;NO;60,4;NO;https://www.tradingview.com/chart/?symbol=NYSE%3AKEY&interval=W;23077742592,0
KEYS;NYSE;340,65;31,65;340,3;31,76;YES;-7,1;64,89;14,0;23,3;36,7;-9,2;9,2;39,4;60,6;52,2;NO;62,7;NO;https://www.tradingview.com/chart/?symbol=NYSE%3AKEYS&interval=W;58273902592,0
KIM;NYSE;23,61;15,81;18,39;18,87;YES;-55,79;17,7;6,0;21,9;73,8;-15,9;16,1;73,3;26,7;65,0;NO;77,9;YES;https://www.tradingview.com/chart/?symbol=NYSE%3AKIM&interval=W;15915598848,0
KLAC;NASDAQ;1829,47;59,95;1804,65;59,95;YES;-5,45;43,55;22,4;36,1;73,1;-13,7;15,5;42,8;57,2;42,7;NO;28,8;NO;https://www.tradingview.com/chart/?symbol=NASDAQ%3AKLAC&interval=W;238979121152,0
KO;NYSE;81,55;1,02;81,53;1,02;YES;-0,45;17,98;8,5;18,0;63,6;-9,5;10,6;58,7;41,3;36,7;NO;75,6;YES;https://www.tradingview.com/chart/?symbol=NYSE%3AKO&interval=W;350867456000,0
L;NYSE;107,59;1,26;104,56;1,26;YES;-4,46;2,8;7,9;25,7;65,4;-17,8;15,2;59,2;40,8;32,7;NO;23,3;NO;https://www.tradingview.com/chart/?symbol=NYSE%3AL&interval=W;22083117056,0
LMT;NYSE;522,59;50,85;514,0;50,85;YES;-22,77;5,13;25,1;19,8;61,0;5,4;12,2;61,6;38,4;12,9;NO;49,0;NO;https://www.tradingview.com/chart/?symbol=NYSE%3ALMT&interval=W;120490246144,0
LRCX;NASDAQ;292,09;3,15;277,38;3,15;YES;-2,36;57,84;20,1;39,3;77,5;-19,2;18,7;47,6;52,4;36,2;NO;30,5;NO;https://www.tradingview.com/chart/?symbol=NASDAQ%3ALRCX&interval=W;365279281152,0
LUV;NYSE;39,0;0,69;32,38;0,69;YES;-41,17;-5,57;33,8;30,8;59,4;3,0;12,7;41,2;58,8;76,6;YES;77,7;YES;https://www.tradingview.com/chart/?symbol=NYSE%3ALUV&interval=W;19052400640,0
LYV;NYSE;161,82;11,24;155,39;11,29;YES;-7,03;11,36;12,1;32,2;82,5;-20,1;19,4;60,2;39,8;35,4;NO;60,2;NO;https://www.tradingview.com/chart/?symbol=NYSE%3ALYV&interval=W;37618024448,0
MAR;NASDAQ;369,75;20,38;357,04;20,39;YES;-2,37;17,98;12,8;27,3;66,5;-14,5;14,9;54,4;45,6;8,9;NO;22,1;NO;https://www.tradingview.com/chart/?symbol=NASDAQ%3AMAR&interval=W;97498865664,0
MAS;NYSE;65,2;11,98;64,11;11,98;YES;-23,93;1,13;24,7;29,1;69,2;-4,4;13,5;46,5;53,5;78,1;YES;97,2;YES;https://www.tradingview.com/chart/?symbol=NYSE%3AMAS&interval=W;13149049856,0
MB;MIL;20,65;9,07;17,61;9,07;YES;-6,18;15,01;21,9;30,4;58,3;-8,5;13,9;45,8;54,2;74,5;YES;25,4;NO;https://www.tradingview.com/chart/?symbol=MIL%3AMB&interval=W;16654931968,0
MBG;XETR;49,48;21,9;30,96;30,96;YES;-41,72;-19,8;22,3;30,0;70,1;-7,7;13,8;46,1;53,9;48,4;NO;27,8;NO;https://www.tradingview.com/chart/?symbol=XETR%3AMBG&interval=W;47363907584,0
MCK;NYSE;754,68;25,1;748,96;25,1;YES;-24,21;-8,35;27,2;24,1;78,1;3,1;15,4;64,0;36,0;88,0;YES;40,0;NO;https://www.tradingview.com/chart/?symbol=NYSE%3AMCK&interval=W;90715586560,0
MET;NYSE;82,69;46,37;78,59;46,37;YES;-6,3;2,95;17,2;25,8;73,8;-8,6;17,1;66,3;33,7;38,6;NO;44,5;NO;https://www.tradingview.com/chart/?symbol=NYSE%3AMET&interval=W;53167181824,0
MGM;NYSE;35,89;17,12;10,87;10,87;YES;-64,02;-1,64;11,5;34,8;89,2;-23,3;17,5;50,2;49,8;42,6;NO;73,7;YES;https://www.tradingview.com/chart/?symbol=NYSE%3AMGM&interval=W;9187617792,0
MMM;NYSE;149,78;65,78;147,25;65,78;YES;-30,73;-7,44;19,1;19,8;42,3;-0,7;9,1;46,0;54,0;66,7;NO;35,2;NO;https://www.tradingview.com/chart/?symbol=NYSE%3AMMM&interval=W;78120345600,0
MNST;NASDAQ;86,88;2,72;86,84;2,72;YES;-1,87;14,08;17,7;36,6;80,0;-18,9;18,3;49,9;50,1;63,4;NO;44,8;NO;https://www.tradingview.com/chart/?symbol=NASDAQ%3AMNST&interval=W;84969340928,0
MO;NYSE;73,33;0,86;44,81;0,86;YES;-5,64;27,95;8,6;21,2;62,5;-12,6;11,5;54,3;45,7;26,7;NO;85,9;YES;https://www.tradingview.com/chart/?symbol=NYSE%3AMO&interval=W;122453123072,0
MPC;NYSE;261,63;41,27;261,16;41,34;YES;-0,53;58,43;15,2;31,9;73,2;-16,7;13,6;42,6;57,4;17,7;NO;51,1;NO;https://www.tradingview.com/chart/?symbol=NYSE%3AMPC&interval=W;76434849792,0
MPWR;NASDAQ;1553,27;22,77;1549,51;22,89;YES;-6,49;65,89;18,6;31,5;72,3;-12,9;14,3;45,4;54,6;41,4;NO;32,4;NO;https://www.tradingview.com/chart/?symbol=NASDAQ%3AMPWR&interval=W;76312158208,0
MRK;NYSE;113,0;2,32;78,94;2,34;YES;-15,01;6,15;11,9;21,9;61,1;-10,0;10,8;49,6;50,4;56,6;NO;24,7;NO;https://www.tradingview.com/chart/?symbol=NYSE%3AMRK&interval=W;279090167808,0
MRVL;NASDAQ;186,8;15,65;182,39;15,65;YES;0,0;108,97;18,3;41,0;83,3;-22,7;20,8;50,8;49,2;62,1;NO;38,7;NO;https://www.tradingview.com/chart/?symbol=NASDAQ%3AMRVL&interval=W;163553329152,0
MS;NYSE;197,77;28,01;190,17;28,01;YES;0,0;8,72;19,3;31,7;82,2;-12,4;16,2;51,2;48,8;50,5;NO;1,4;NO;https://www.tradingview.com/chart/?symbol=NYSE%3AMS&interval=W;311939629056,0
MSCI;NYSE;575,84;31,53;559,09;31,53;YES;-14,71;1,87;18,1;23,1;68,4;-5,0;14,1;61,3;38,7;33,3;NO;59,4;NO;https://www.tradingview.com/chart/?symbol=NYSE%3AMSCI&interval=W;41745637376,0
MSFT;NASDAQ;421,06;28,42;402,62;28,42;YES;-22,32;-10,97;26,2;23,1;64,4;3,1;12,1;52,5;47,5;77,0;YES;51,5;NO;https://www.tradingview.com/chart/?symbol=NASDAQ%3AMSFT&interval=W;3127816749056,0
MU;NASDAQ;731,99;8,69;720,3;8,69;YES;-8,91;132,07;30,3;46,9;85,3;-16,6;17,6;37,5;62,5;45,0;NO;61,0;NO;https://www.tradingview.com/chart/?symbol=NASDAQ%3AMU&interval=W;825490014208,0
NDAQ;NASDAQ;89,28;6,82;87,42;6,82;YES;-11,59;-7,64;21,8;27,1;67,3;-5,3;16,5;61,1;38,9;47,0;NO;60,8;NO;https://www.tradingview.com/chart/?symbol=NASDAQ%3ANDAQ&interval=W;50514104320,0
NEE;NYSE;88,27;7,79;87,99;7,84;YES;-9,82;9,07;9,8;18,6;51,3;-8,8;10,2;54,7;45,3;38,1;NO;20,6;NO;https://www.tradingview.com/chart/?symbol=NYSE%3ANEE&interval=W;184096374784,0
NTAP;NASDAQ;120,07;2,63;33,79;24,29;YES;-19,21;12,77;13,2;36,8;91,1;-23,6;19,0;51,6;48,4;42,3;NO;23,0;NO;https://www.tradingview.com/chart/?symbol=NASDAQ%3ANTAP&interval=W;23781105664,0
NTRS;NASDAQ;166,16;51,67;164,34;51,67;YES;-3,25;19,3;12,9;22,3;60,4;-9,5;12,5;55,8;44,2;28,8;NO;52,1;NO;https://www.tradingview.com/chart/?symbol=NASDAQ%3ANTRS&interval=W;30778912768,0
O;NYSE;62,03;21,9;56,99;57,03;YES;-22,3;8,24;11,1;19,5;49,0;-8,4;10,1;51,8;48,2;31,3;NO;48,9;NO;https://www.tradingview.com/chart/?symbol=NYSE%3AO&interval=W;57856499712,0
ODFL;NASDAQ;204,85;2,71;151,31;2,71;YES;-11,64;28,68;18,5;27,5;58,3;-9,1;11,5;41,6;58,4;65,7;NO;30,9;NO;https://www.tradingview.com/chart/?symbol=NASDAQ%3AODFL&interval=W;42622062592,0
OKE;NYSE;93,2;66,73;81,12;66,73;YES;-20,37;25,38;11,1;25,7;80,2;-14,6;14,3;55,6;44,4;71,2;YES;91,2;YES;https://www.tradingview.com/chart/?symbol=NYSE%3AOKE&interval=W;58722209792,0
OXY;NYSE;60,01;11,36;58,67;13,6;YES;-45,95;41,6;19,9;29,2;81,2;-9,2;13,7;47,0;53,0;67,6;NO;98,6;YES;https://www.tradingview.com/chart/?symbol=NYSE%3AOXY&interval=W;59663163392,0
PANW;NASDAQ;246,66;23,82;239,62;23,91;YES;-0,36;37,51;26,9;29,4;46,8;-2,5;7,0;23,7;76,3;76,7;YES;87,3;YES;https://www.tradingview.com/chart/?symbol=NASDAQ%3APANW&interval=W;200041267200,0
PAYX;NASDAQ;93,28;1,78;92,41;1,78;YES;-41,62;-14,11;25,1;23,5;50,6;1,6;10,5;44,6;55,4;46,8;NO;19,9;NO;https://www.tradingview.com/chart/?symbol=NASDAQ%3APAYX&interval=W;33387335680,0
PFG;NASDAQ;102,39;26,36;101,96;26,36;YES;-0,41;14,5;12,7;26,1;86,1;-13,4;20,2;77,3;22,7;54,4;NO;8,6;NO;https://www.tradingview.com/chart/?symbol=NASDAQ%3APFG&interval=W;22039742464,0
PLD;NYSE;144,68;40,88;122,43;40,88;YES;-16,37;12,11;10,3;23,1;83,0;-12,7;16,7;72,5;27,5;27,7;NO;73,1;YES;https://www.tradingview.com/chart/?symbol=NYSE%3APLD&interval=W;134890651648,0
PLTR;NASDAQ;137,15;24,43;135,67;24,43;YES;-33,8;-18,3;29,5;39,6;67,6;-10,1;16,6;42,0;58,0;2,3;NO;10,6;NO;https://www.tradingview.com/chart/?symbol=NASDAQ%3APLTR&interval=W;328791326720,0
PPL;NYSE;35,42;10,39;28,6;28,12;YES;-30,8;0,88;12,4;18,8;49,9;-6,4;10,4;55,0;45,0;6,9;NO;58,1;NO;https://www.tradingview.com/chart/?symbol=NYSE%3APPL&interval=W;26644488192,0
PSA;NYSE;299,58;69,79;292,83;69,85;YES;-28,65;15,92;14,7;20,7;46,6;-6,0;9,7;47,0;53,0;22,4;NO;92,7;YES;https://www.tradingview.com/chart/?symbol=NYSE%3APSA&interval=W;52540399616,0
PST;MIL;24,76;6,41;24,72;6,41;YES;-0,08;14,58;15,5;19,1;46,6;-3,6;12,6;65,8;34,2;42,4;NO;44,2;NO;https://www.tradingview.com/chart/?symbol=MIL%3APST&interval=W;32024328192,0
PSX;NYSE;180,74;79,29;175,12;79,95;YES;-4,0;38,42;17,3;27,2;62,5;-10,0;12,1;44,4;55,6;48,7;NO;38,6;NO;https://www.tradingview.com/chart/?symbol=NYSE%3APSX&interval=W;72645419008,0
QCOM;NASDAQ;202,51;2,91;202,05;2,91;YES;-14,74;17,07;32,0;32,8;70,4;-0,8;13,4;40,8;59,2;11,9;NO;62,6;NO;https://www.tradingview.com/chart/?symbol=NASDAQ%3AQCOM&interval=W;213445541888,0
REG;NASDAQ;76,92;63,57;64,53;63,9;YES;-17,1;13,18;6,8;21,1;64,9;-14,2;12,9;61,3;38,7;27,7;NO;78,4;YES;https://www.tradingview.com/chart/?symbol=NASDAQ%3AREG&interval=W;14382777344,0
REGN;NASDAQ;649,76;15,33;573,95;15,33;YES;-45,93;-16,3;22,5;41,9;82,6;-19,4;16,3;38,8;61,2;0,8;NO;45,4;NO;https://www.tradingview.com/chart/?symbol=NASDAQ%3AREGN&interval=W;68120211456,0
RL;NYSE;362,31;78,39;330,44;78,78;YES;-6,99;-0,06;17,7;30,7;57,3;-13,0;11,6;37,8;62,2;44,2;NO;94,3;YES;https://www.tradingview.com/chart/?symbol=NYSE%3ARL&interval=W;21974659072,0
ROST;NASDAQ;217,79;2,46;213,59;2,47;YES;-4,86;19,18;7,8;31,0;74,7;-23,2;15,8;51,0;49,0;28,7;NO;72,7;YES;https://www.tradingview.com/chart/?symbol=NASDAQ%3AROST&interval=W;70443065344,0
SATS;NASDAQ;138,61;24,99;138,02;24,99;YES;-2,25;23,56;19,0;32,3;67,5;-13,4;17,4;53,8;46,2;39,5;NO;55,0;NO;https://www.tradingview.com/chart/?symbol=NASDAQ%3ASATS&interval=W;40300769280,0
SBUX;NASDAQ;106,5;1,61;96,1;1,61;YES;-15,52;26,83;14,5;26,9;64,9;-12,4;12,8;47,5;52,5;34,4;NO;41,0;NO;https://www.tradingview.com/chart/?symbol=NASDAQ%3ASBUX&interval=W;121378045952,0
SIE;XETR;264,35;70,27;260,91;70,27;YES;-3,42;9,8;21,9;26,7;66,9;-4,8;14,4;54,1;45,9;67,6;NO;29,2;NO;https://www.tradingview.com/chart/?symbol=XETR%3ASIE&interval=W;201631219712,0
SLB;NYSE;57,28;13,72;34,78;35,51;YES;-51,44;42,49;14,1;27,4;70,5;-13,4;13,9;50,6;49,4;36,8;NO;65,6;NO;https://www.tradingview.com/chart/?symbol=NYSE%3ASLB&interval=W;85636898816,0
SNPS;NASDAQ;498,93;25,34;429,6;25,34;YES;-22,69;3,85;28,7;26,7;60,8;1,9;14,0;52,3;47,7;4,3;NO;40,0;NO;https://www.tradingview.com/chart/?symbol=NASDAQ%3ASNPS&interval=W;95576039424,0
SOLV;NYSE;75,32;72,6;67,03;72,6;YES;-12,56;-4,68;27,5;32,5;40,0;-5,0;7,5;23,0;77,0;46,1;NO;35,0;NO;https://www.tradingview.com/chart/?symbol=NYSE%3ASOLV&interval=W;13048715264,0
SPG;NYSE;203,8;47,06;66,95;47,06;YES;-10,46;10,78;12,5;22,8;70,5;-10,3;14,8;65,0;35,0;59,5;NO;36,6;NO;https://www.tradingview.com/chart/?symbol=NYSE%3ASPG&interval=W;77553844224,0
STT;NYSE;153,6;43,12;152,5;43,12;YES;-0,31;19,01;11,8;27,4;66,4;-15,6;14,8;53,9;46,1;52,1;NO;43,7;NO;https://www.tradingview.com/chart/?symbol=NYSE%3ASTT&interval=W;42536325120,0
SYY;NYSE;73,95;29,09;73,65;29,09;YES;-18,88;1,83;24,0;22,1;63,2;1,9;11,6;52,5;47,5;35,6;NO;11,2;NO;https://www.tradingview.com/chart/?symbol=NYSE%3ASYY&interval=W;35423768576,0
TEN;MIL;26,67;15,56;26,17;15,56;YES;-2,06;62,03;9,1;32,9;72,8;-23,8;13,8;42,0;58,0;3,4;NO;50,3;NO;https://www.tradingview.com/chart/?symbol=MIL%3ATEN&interval=W;26927091712,0
TFC;NYSE;47,67;27,49;44,6;37,74;YES;-29,28;-4,15;21,5;22,6;54,7;-1,1;12,7;56,1;43,9;63,7;NO;72,7;YES;https://www.tradingview.com/chart/?symbol=NYSE%3ATFC&interval=W;59366137856,0
TGT;NYSE;121,11;2,88;96,59;2,88;YES;-54,54;20,5;10,3;26,8;68,4;-16,5;12,4;46,1;53,9;34,9;NO;50,0;NO;https://www.tradingview.com/chart/?symbol=NYSE%3ATGT&interval=W;54939533312,0
TKO;NYSE;192,31;13,5;187,54;13,5;YES;-14,51;-7,07;18,6;32,0;65,6;-13,4;14,9;46,5;53,5;15,2;NO;26,8;NO;https://www.tradingview.com/chart/?symbol=NYSE%3ATKO&interval=W;14417782784,0
TRV;NYSE;305,71;49,55;301,1;49,55;YES;-2,03;7,2;8,6;22,7;66,6;-14,1;12,0;52,9;47,1;7,1;NO;3,7;NO;https://www.tradingview.com/chart/?symbol=NYSE%3ATRV&interval=W;64951259136,0
TSLA;NASDAQ;417,26;16,01;401,55;16,24;YES;-14,82;-4,75;24,0;38,8;72,7;-14,8;12,7;32,8;67,2;7,9;NO;0,2;NO;https://www.tradingview.com/chart/?symbol=NASDAQ%3ATSLA&interval=W;1567113347072,0
TSN;NYSE;65,86;17,29;55,75;17,49;YES;-33,54;13,47;11,5;30,4;77,4;-18,8;14,4;47,5;52,5;12,4;NO;76,4;YES;https://www.tradingview.com/chart/?symbol=NYSE%3ATSN&interval=W;23215892480,0
TTWO;NASDAQ;237,59;16,36;211,46;16,36;YES;-9,42;-5,57;26,3;34,5;73,6;-8,2;16,6;48,3;51,7;12,4;NO;77,3;YES;https://www.tradingview.com/chart/?symbol=NASDAQ%3ATTWO&interval=W;44042129408,0
TXN;NASDAQ;304,88;3,81;303,37;3,81;YES;-1,07;71,74;17,7;29,3;63,0;-11,6;13,8;47,3;52,7;71,6;YES;50,5;NO;https://www.tradingview.com/chart/?symbol=NASDAQ%3ATXN&interval=W;277469102080,0
UAL;NASDAQ;95,64;34,73;93,46;34,87;YES;-18,63;-15,37;27,5;40,1;92,4;-12,6;19,9;49,5;50,5;85,4;YES;96,1;YES;https://www.tradingview.com/chart/?symbol=NASDAQ%3AUAL&interval=W;31100270592,0
UNH;NYSE;383,3;6,52;303,32;6,52;YES;-38,7;13,94;27,3;27,5;71,4;-0,2;16,6;60,3;39,7;10,2;NO;47,7;NO;https://www.tradingview.com/chart/?symbol=NYSE%3AUNH&interval=W;348091744256,0
UNP;NYSE;265,8;3,45;231,32;3,47;YES;-3,94;14,61;12,3;22,5;49,0;-10,2;11,2;49,8;50,2;45,0;NO;50,9;NO;https://www.tradingview.com/chart/?symbol=NYSE%3AUNP&interval=W;157808967680,0
URI;NYSE;928,76;12,92;809,3;12,92;YES;-8,95;9,9;25,7;43,0;80,2;-17,3;17,9;41,7;58,3;1,2;NO;50,1;NO;https://www.tradingview.com/chart/?symbol=NYSE%3AURI&interval=W;58094657536,0
USB;NYSE;54,5;22,99;46,15;33,3;YES;-13,83;1,06;16,2;21,7;65,1;-5,5;13,0;60,1;39,9;6,1;NO;68,1;NO;https://www.tradingview.com/chart/?symbol=NYSE%3AUSB&interval=W;84600340480,0
VRSN;NASDAQ;301,0;25,83;249,35;25,83;YES;-1,63;25,14;16,6;31,5;89,1;-14,9;20,6;65,4;34,6;38,6;NO;67,3;NO;https://www.tradingview.com/chart/?symbol=NASDAQ%3AVRSN&interval=W;27394185216,0
VTR;NYSE;88,56;56,81;88,51;55,35;YES;-1,98;14,52;9,0;29,0;75,2;-20,0;16,6;57,3;42,7;11,8;NO;5,2;NO;https://www.tradingview.com/chart/?symbol=NYSE%3AVTR&interval=W;43023589376,0
VTRS;NASDAQ;16,4;13,34;10,41;10,21;YES;-78,44;31,62;19,7;34,1;62,5;-14,5;12,1;35,5;64,5;79,5;YES;72,6;YES;https://www.tradingview.com/chart/?symbol=NASDAQ%3AVTRS&interval=W;19098662912,0
VZ;NYSE;47,82;16,13;47,11;47,27;YES;-25,28;18,02;12,4;19,0;45,8;-6,7;9,1;47,6;52,4;93,0;YES;58,5;NO;https://www.tradingview.com/chart/?symbol=NYSE%3AVZ&interval=W;199675232256,0
WAT;NYSE;336,36;42,33;322,05;42,33;YES;-20,8;-11,94;29,3;25,4;71,3;3,9;13,9;54,9;45,1;33,4;NO;96,5;YES;https://www.tradingview.com/chart/?symbol=NYSE%3AWAT&interval=W;33019901952,0
WBD;NASDAQ;27,42;26,8;10,29;10,43;YES;-64,51;-3,82;8,0;32,0;71,6;-24,0;18,0;56,2;43,8;34,8;NO;24,7;NO;https://www.tradingview.com/chart/?symbol=NASDAQ%3AWBD&interval=W;68745691136,0
WELL;NYSE;218,61;65,54;216,93;65,54;YES;-0,7;16,94;9,5;20,9;63,0;-11,4;11,3;54,3;45,7;100,0;YES;14,8;NO;https://www.tradingview.com/chart/?symbol=NYSE%3AWELL&interval=W;154319962112,0
WMB;NYSE;77,88;28,82;77,55;29,0;YES;-1,91;27,99;7,6;31,6;96,6;-23,9;16,8;53,1;46,9;62,9;NO;86,3;YES;https://www.tradingview.com/chart/?symbol=NYSE%3AWMB&interval=W;95247106048,0
WRB;NYSE;67,04;0,84;66,64;0,85;YES;-14,56;-3,34;11,9;24,3;72,5;-12,3;14,2;58,7;41,3;15,5;NO;20,6;NO;https://www.tradingview.com/chart/?symbol=NYSE%3AWRB&interval=W;24927649792,0
WST;NYSE;307,83;5,18;243,17;5,18;YES;-34,69;11,37;17,7;26,6;65,0;-8,9;12,2;45,6;54,4;25,0;NO;70,2;YES;https://www.tradingview.com/chart/?symbol=NYSE%3AWST&interval=W;21778532352,0
XEL;NASDAQ;80,01;21,0;79,55;21,04;YES;-4,65;7,14;8,5;17,4;80,0;-8,9;10,8;62,1;37,9;42,0;NO;49,5;NO;https://www.tradingview.com/chart/?symbol=NASDAQ%3AXEL&interval=W;49954050048,0
XOM;NYSE;156,28;81,85;151,46;81,85;YES;-8,86;27,42;15,7;17,4;55,6;-1,7;8,8;50,4;49,6;28,5;NO;99,2;YES;https://www.tradingview.com/chart/?symbol=NYSE%3AXOM&interval=W;647772372992,0
ZS;NASDAQ;170,45;42,69;153,27;150,24;YES;-53,78;-22,72;48,9;41,2;64,4;7,8;11,3;27,3;72,7;93,5;YES;52,4;NO;https://www.tradingview.com/chart/?symbol=NASDAQ%3AZS&interval=W;27401951232,0
A;NYSE;111,25;22,92;132,91;22,92;NO;-37,95;-19,35;25,8;31,5;75,9;-5,8;19,2;60,7;39,3;47,1;NO;86,3;YES;https://www.tradingview.com/chart/?symbol=NYSE%3AA&interval=W;31477657600,0
ABBV;NYSE;212,3;56,34;227,71;56,34;NO;-13,13;-7,42;16,4;21,6;36,8;-5,2;9,0;41,7;58,3;54,6;NO;64,9;NO;https://www.tradingview.com/chart/?symbol=NYSE%3AABBV&interval=W;375090118656,0
ABNB;NASDAQ;135,55;150,63;134,02;145,29;NO;-37,49;1,91;17,2;37,6;55,8;-20,4;10,1;26,9;73,1;34,8;NO;59,0;NO;https://www.tradingview.com/chart/?symbol=NASDAQ%3AABNB&interval=W;80449593344,0
ABT;NYSE;88,38;1,56;107,34;1,56;NO;-37,52;-28,83;35,4;19,7;48,2;15,7;9,1;46,0;54,0;23,8;NO;0,7;NO;https://www.tradingview.com/chart/?symbol=NYSE%3AABT&interval=W;153941442560,0
ACN;NYSE;179,22;40,3;281,25;40,3;NO;-56,86;-31,06;44,7;22,8;59,2;21,9;11,7;51,2;48,8;37,1;NO;45,8;NO;https://www.tradingview.com/chart/?symbol=NYSE%3AACN&interval=W;110298284032,0
ADBE;NASDAQ;253,37;7,34;345,41;7,34;NO;-63,19;-23,98;33,5;33,0;72,7;0,5;17,3;52,3;47,7;62,8;NO;12,4;NO;https://www.tradingview.com/chart/?symbol=NASDAQ%3AADBE&interval=W;102412148736,0
ADI;NASDAQ;398,05;31,16;415,08;31,16;NO;-7,94;45,41;16,0;31,4;69,2;-15,4;15,0;47,7;52,3;31,7;NO;18,2;NO;https://www.tradingview.com/chart/?symbol=NASDAQ%3AADI&interval=W;193884995584,0
ADS;XETR;148,5;41,34;170,22;41,34;NO;-55,84;-11,63;23,2;26,2;64,0;-2,9;15,1;57,7;42,3;63,4;NO;7,4;NO;https://www.tradingview.com/chart/?symbol=XETR%3AADS&interval=W;26336315392,0
AEE;NYSE;109,14;40,44;111,27;40,45;NO;-4,53;8,21;7,0;17,0;48,6;-10,0;8,9;52,4;47,6;51,2;NO;79,7;YES;https://www.tradingview.com/chart/?symbol=NYSE%3AAEE&interval=W;30287697920,0
AFL;NYSE;116,53;1,25;117,43;1,26;NO;-1,8;5,71;9,6;25,1;75,2;-15,5;14,4;57,5;42,5;41,0;NO;73,0;YES;https://www.tradingview.com/chart/?symbol=NYSE%3AAFL&interval=W;59072786432,0
AJG;NYSE;202,41;26,65;208,76;26,68;NO;-41,96;-20,93;27,5;19,9;50,4;7,6;10,0;50,5;49,5;4,9;NO;16,4;NO;https://www.tradingview.com/chart/?symbol=NYSE%3AAJG&interval=W;52060303360,0
AKAM;NASDAQ;145,0;165,12;32,24;32,24;NO;-55,74;70,39;25,4;37,8;93,4;-12,4;23,9;63,1;36,9;59,1;NO;9,0;NO;https://www.tradingview.com/chart/?symbol=NASDAQ%3AAKAM&interval=W;21076543488,0
ALGN;NASDAQ;163,76;8,73;191,08;8,77;NO;-77,56;4,95;21,4;43,3;87,9;-21,8;19,7;45,6;54,4;66,5;NO;91,8;YES;https://www.tradingview.com/chart/?symbol=NASDAQ%3AALGN&interval=W;11716008960,0
ALL;NYSE;218,83;31,18;221,07;31,18;NO;-2,56;7,36;9,4;21,9;65,6;-12,5;13,9;63,5;36,5;70,1;YES;33,5;NO;https://www.tradingview.com/chart/?symbol=NYSE%3AALL&interval=W;56349437952,0
ALLE;NYSE;128,23;113,33;146,94;102,93;NO;-28,67;-20,31;30,1;19,6;43,4;10,5;9,0;45,8;54,2;73,6;YES;95,2;YES;https://www.tradingview.com/chart/?symbol=NYSE%3AALLE&interval=W;11047914496,0
ALNY;NASDAQ;293,24;18,71;316,62;18,71;NO;-40,3;-26,72;32,6;38,3;66,9;-5,7;12,4;32,4;67,6;8,5;NO;50,9;NO;https://www.tradingview.com/chart/?symbol=NASDAQ%3AALNY&interval=W;39290748928,0
ALV;XETR;384,8;87,07;385,45;87,07;NO;-2,53;-1,13;12,4;26,9;73,3;-14,5;16,8;62,6;37,4;55,4;NO;35,1;NO;https://www.tradingview.com/chart/?symbol=XETR%3AALV&interval=W;145949360128,0
AMAT;NASDAQ;426,85;4,59;437,5;4,59;NO;-3,78;58,76;18,2;39,9;81,4;-21,7;17,0;42,7;57,3;14,0;NO;8,2;NO;https://www.tradingview.com/chart/?symbol=NASDAQ%3AAMAT&interval=W;338752372736,0
AMCR;NYSE;37,4;56,48;46,95;46,92;NO;-44,55;-11,06;27,5;25,0;46,0;2,5;10,0;40,3;59,7;62,4;NO;93,6;YES;https://www.tradingview.com/chart/?symbol=NYSE%3AAMCR&interval=W;17291728896,0
AME;NYSE;222,34;2,63;231,84;2,64;NO;-7,92;6,31;13,7;24,4;68,3;-10,7;12,7;51,8;48,2;53,1;NO;69,0;NO;https://www.tradingview.com/chart/?symbol=NYSE%3AAME&interval=W;51504209920,0
AMGN;NASDAQ;331,57;4,06;350,13;4,07;NO;-14,58;1,2;16,6;27,4;64,4;-10,8;13,6;49,8;50,2;65,9;NO;50,1;NO;https://www.tradingview.com/chart/?symbol=NASDAQ%3AAMGN&interval=W;179047809024,0
AMP;NYSE;453,25;40,63;492,89;40,84;NO;-21,19;-8,21;21,1;27,3;78,3;-6,2;16,9;61,9;38,1;69,4;NO;27,7;NO;https://www.tradingview.com/chart/?symbol=NYSE%3AAMP&interval=W;40830808064,0
AMP;MIL;10,53;3,96;14,73;3,96;NO;-77,79;-24,22;43,2;30,6;82,3;12,6;16,1;52,7;47,3;42,5;NO;2,9;NO;https://www.tradingview.com/chart/?symbol=MIL%3AAMP&interval=W;2316020992,0
AMT;NYSE;184,02;40,81;192,63;40,81;NO;-39,39;5,27;13,4;27,6;93,1;-14,3;21,3;77,2;22,8;65,2;NO;48,9;NO;https://www.tradingview.com/chart/?symbol=NYSE%3AAMT&interval=W;85733638144,0
ANET;NYSE;140,49;5,07;141,97;5,08;NO;-20,95;5,16;23,2;31,2;50,4;-7,9;10,6;34,0;66,0;36,4;NO;4,5;NO;https://www.tradingview.com/chart/?symbol=NYSE%3AANET&interval=W;176900718592,0
AON;NYSE;321,15;40,15;354,36;40,15;NO;-21,54;-6,72;12,4;21,3;63,1;-8,9;11,6;54,5;45,5;56,5;NO;36,4;NO;https://www.tradingview.com/chart/?symbol=NYSE%3AAON&interval=W;68590235648,0
AOS;NYSE;56,19;5,21;66,27;5,23;NO;-38,91;-17,75;30,5;28,8;63,8;1,7;13,0;45,1;54,9;74,4;YES;82,0;YES;https://www.tradingview.com/chart/?symbol=NYSE%3AAOS&interval=W;7747346944,0
APD;NYSE;289,19;4,27;291,98;4,29;NO;-14,46;15,46;7,2;23,0;60,7;-15,8;9,9;42,9;57,1;33,2;NO;13,6;NO;https://www.tradingview.com/chart/?symbol=NYSE%3AAPD&interval=W;64397029376,0
APH;NYSE;123,05;1,78;146,53;1,78;NO;-25,98;-11,92;28,3;24,8;63,4;3,5;14,3;57,8;42,2;22,5;NO;34,7;NO;https://www.tradingview.com/chart/?symbol=NYSE%3AAPH&interval=W;151380361216,0
APO;NYSE;132,24;25,44;133,0;25,44;NO;-25,96;-9,8;34,3;30,3;54,4;4,0;13,2;43,6;56,4;58,6;NO;25,1;NO;https://www.tradingview.com/chart/?symbol=NYSE%3AAPO&interval=W;76238675968,0
APTV;NYSE;53,96;49,12;59,61;49,23;NO;-64,24;-18,79;30,0;29,4;65,2;0,6;16,3;55,5;44,5;62,6;NO;73,9;YES;https://www.tradingview.com/chart/?symbol=NYSE%3AAPTV&interval=W;11419043840,0
ARE;NYSE;47,5;72,51;120,82;72,75;NO;-78,75;-3,0;32,3;23,7;70,5;8,6;15,8;66,6;33,4;70,0;YES;33,7;NO;https://www.tradingview.com/chart/?symbol=NYSE%3AARE&interval=W;8284770816,0
ARES;NYSE;122,38;20,37;173,78;175,31;NO;-38,26;-26,42;45,1;27,0;44,8;18,2;10,8;40,2;59,8;13,0;NO;30,3;NO;https://www.tradingview.com/chart/?symbol=NYSE%3AARES&interval=W;40244289536,0
ATO;NYSE;175,56;26,12;186,78;26,12;NO;-8,7;3,66;8,7;17,1;38,8;-8,4;7,5;43,7;56,3;69,7;NO;83,6;YES;https://www.tradingview.com/chart/?symbol=NYSE%3AATO&interval=W;29351180288,0
AVY;NYSE;156,28;50,82;171,64;51,23;NO;-31,91;-14,34;21,9;26,2;52,9;-4,4;12,6;48,2;51,8;74,9;YES;97,6;YES;https://www.tradingview.com/chart/?symbol=NYSE%3AAVY&interval=W;11906110464,0
AWK;NYSE;122,39;21,53;131,25;21,53;NO;-35,2;-6,09;12,4;17,4;31,6;-5,0;7,8;44,7;55,3;45,4;NO;41,1;NO;https://www.tradingview.com/chart/?symbol=NYSE%3AAWK&interval=W;23871090688,0
AXON;NASDAQ;386,6;9,31;556,29;9,31;NO;-55,61;-31,39;46,1;41,2;83,6;4,9;18,9;45,8;54,2;46,4;NO;5,4;NO;https://www.tradingview.com/chart/?symbol=NASDAQ%3AAXON&interval=W;31221215232,0
AZM;MIL;34,68;16,62;36,03;16,63;NO;-7,45;-2,94;14,9;32,0;66,8;-17,1;14,7;46,0;54,0;62,3;NO;47,1;NO;https://www.tradingview.com/chart/?symbol=MIL%3AAZM&interval=W;4918277120,0
AZO;NYSE;3398,84;51,27;3414,96;51,27;NO;-21,95;2,88;15,4;21,6;42,5;-6,2;10,5;48,8;51,2;74,8;YES;88,2;YES;https://www.tradingview.com/chart/?symbol=NYSE%3AAZO&interval=W;56343597056,0
BAC;NYSE;51,23;16,46;52,92;16,46;NO;-10,52;-8,44;18,4;28,6;83,3;-10,2;17,6;61,4;38,6;2,8;NO;68,9;NO;https://www.tradingview.com/chart/?symbol=NYSE%3ABAC&interval=W;363558338560,0
BAMI;MIL;13,05;59,78;2,03;2,03;NO;-87,02;-1,06;14,8;37,3;80,5;-22,5;20,2;54,3;45,7;85,9;YES;33,1;NO;https://www.tradingview.com/chart/?symbol=MIL%3ABAMI&interval=W;19648628736,0
BAX;NYSE;18,63;5,91;18,16;30,87;NO;-80,21;-4,46;29,1;24,6;59,4;4,5;12,2;49,4;50,6;40,2;NO;66,0;NO;https://www.tradingview.com/chart/?symbol=NYSE%3ABAX&interval=W;9611488256,0
BAYN;XETR;38,64;54,07;53,02;54,16;NO;-73,14;1,82;26,2;26,9;57,2;-0,7;14,7;54,5;45,5;45,6;NO;22,5;NO;https://www.tradingview.com/chart/?symbol=XETR%3ABAYN&interval=W;37960863744,0
BBY;NYSE;60,49;1,59;73,63;1,59;NO;-56,16;-12,55;23,1;38,6;74,1;-15,6;17,1;44,2;55,8;56,1;NO;75,5;YES;https://www.tradingview.com/chart/?symbol=NYSE%3ABBY&interval=W;12746004480,0
BC;MIL;82,96;16,3;91,55;16,3;NO;-37,01;-14,62;29,2;26,5;42,9;2,7;9,7;36,6;63,4;56,7;NO;85,3;YES;https://www.tradingview.com/chart/?symbol=MIL%3ABC&interval=W;5641280000,0
BDX;NYSE;143,45;3,27;186,28;3,27;NO;-35,63;-6,36;23,2;21,7;54,3;1,5;10,8;49,7;50,3;16,7;NO;68,8;NO;https://www.tradingview.com/chart/?symbol=NYSE%3ABDX&interval=W;39429836800,0
BEI;XETR;71,92;42,29;92,39;42,37;NO;-51,16;-22,8;36,3;18,8;41,5;17,5;9,3;49,4;50,6;87,9;YES;76,4;YES;https://www.tradingview.com/chart/?symbol=XETR%3ABEI&interval=W;15716228096,0
BEN;NYSE;31,14;0,83;27,18;32,24;NO;-47,08;30,84;19,2;29,2;68,3;-10,0;12,5;42,8;57,2;19,7;NO;51,9;NO;https://www.tradingview.com/chart/?symbol=NYSE%3ABEN&interval=W;16178903040,0
BIIB;NASDAQ;188,29;40,92;281,98;43,33;NO;-57,05;5,89;14,3;36,9;68,7;-22,6;16,3;44,2;55,8;51,5;NO;11,0;NO;https://www.tradingview.com/chart/?symbol=NASDAQ%3ABIIB&interval=W;27799330816,0
BK;NYSE;10,2;27,53;119,99;27,74;NO;-91,81;-91,29;91,8;24,1;66,6;67,7;12,6;52,1;47,9;7,7;NO;60,4;NO;https://www.tradingview.com/chart/?symbol=NYSE%3ABK&interval=W;94143750144,0
BKNG;NASDAQ;156,95;2,62;168,02;2,63;NO;-32,53;-26,29;29,8;35,1;98,8;-5,3;24,1;68,5;31,5;15,6;NO;81,3;YES;https://www.tradingview.com/chart/?symbol=NASDAQ%3ABKNG&interval=W;121617170432,0
BLDR;NYSE;69,33;11,73;124,63;11,73;NO;-67,16;-33,74;48,5;44,1;89,8;4,4;19,0;43,0;57,0;77,2;YES;88,2;YES;https://www.tradingview.com/chart/?symbol=NYSE%3ABLDR&interval=W;7457125888,0
BLK;NYSE;1051,57;172,67;1068,66;172,67;NO;-12,56;-3,09;20,7;23,5;57,1;-2,8;12,4;53,0;47,0;79,5;YES;5,2;NO;https://www.tradingview.com/chart/?symbol=NYSE%3ABLK&interval=W;163239395328,0
BMPS;MIL;8,54;92814,6;1979,09;1979,09;NO;-100,0;-8,62;25,5;43,3;92,6;-17,8;22,8;52,7;47,3;18,2;NO;1,6;NO;https://www.tradingview.com/chart/?symbol=MIL%3ABMPS&interval=W;25963284480,0
BMW;XETR;74,24;34,95;83,73;35,04;NO;-39,45;-22,51;23,0;27,0;60,1;-4,0;12,7;47,1;52,9;31,8;NO;93,0;YES;https://www.tradingview.com/chart/?symbol=XETR%3ABMW&interval=W;45073199104,0
BNR;XETR;57,88;44,31;68,23;48,81;NO;-33,32;16,72;24,5;23,2;41,1;1,3;8,7;37,4;62,6;85,9;YES;5,7;NO;https://www.tradingview.com/chart/?symbol=XETR%3ABNR&interval=W;8354138112,0
BPE;MIL;11,43;1,87;12,48;1,87;NO;-13,03;-2,88;18,1;28,2;67,6;-10,1;17,4;61,7;38,3;11,4;NO;55,6;NO;https://www.tradingview.com/chart/?symbol=MIL%3ABPE&interval=W;23809839104,0
BR;NYSE;147,42;22,47;160,01;22,61;NO;-44,76;-33,13;35,8;20,1;58,7;15,7;12,2;60,8;39,2;16,5;NO;22,1;NO;https://www.tradingview.com/chart/?symbol=NYSE%3ABR&interval=W;17042250752,0
BRO;NYSE;56,14;9,08;79,48;9,08;NO;-54,88;-27,67;32,6;18,9;47,2;13,7;10,1;53,7;46,3;46,4;NO;7,9;NO;https://www.tradingview.com/chart/?symbol=NYSE%3ABRO&interval=W;19067510784,0
BSX;NYSE;56,67;7,78;97,29;7,81;NO;-47,6;-40,16;46,6;29,3;61,7;17,3;15,7;53,6;46,4;25,2;NO;55,6;NO;https://www.tradingview.com/chart/?symbol=NYSE%3ABSX&interval=W;84231749632,0
BX;NYSE;116,83;33,55;131,09;33,71;NO;-41,31;-26,43;37,5;32,6;78,6;5,0;16,3;49,9;50,1;94,6;YES;87,3;YES;https://www.tradingview.com/chart/?symbol=NYSE%3ABX&interval=W;142796865536,0
BXP;NYSE;59,43;103,2;70,04;67,86;NO;-59,71;-12,37;25,1;23,5;58,8;1,6;13,4;57,0;43,0;50,1;NO;30,6;NO;https://www.tradingview.com/chart/?symbol=NYSE%3ABXP&interval=W;10591698944,0
BZU;MIL;43,49;10,19;48,7;10,19;NO;-20,2;-15,55;22,9;30,2;57,4;-7,3;11,6;38,5;61,5;62,6;NO;82,9;YES;https://www.tradingview.com/chart/?symbol=MIL%3ABZU&interval=W;7754307584,0
C;NYSE;124,82;471,37;49,72;49,72;NO;-77,87;5,16;14,8;30,0;87,3;-15,2;18,9;63,1;36,9;87,6;YES;45,7;NO;https://www.tradingview.com/chart/?symbol=NYSE%3AC&interval=W;212890107904,0
CAG;NYSE;13,29;19,17;34,38;19,17;NO;-67,96;-23,15;33,6;23,9;70,7;9,7;12,1;50,6;49,4;56,3;NO;82,2;YES;https://www.tradingview.com/chart/?symbol=NYSE%3ACAG&interval=W;6365606400,0
CAH;NYSE;198,87;45,92;211,36;45,92;NO;-13,49;-3,33;20,6;24,9;53,8;-4,3;12,2;49,2;50,8;15,3;NO;64,5;NO;https://www.tradingview.com/chart/?symbol=NYSE%3ACAH&interval=W;46585888768,0
CARR;NYSE;61,75;44,31;66,1;54,74;NO;-25,31;15,38;19,2;26,0;37,6;-6,9;8,5;32,5;67,5;65,9;NO;82,6;YES;https://www.tradingview.com/chart/?symbol=NYSE%3ACARR&interval=W;51288342528,0
CASY;NASDAQ;839,22;9,95;876,02;10,06;NO;-5,53;50,87;5,5;23,3;55,6;-17,8;10,4;44,5;55,5;22,7;NO;21,5;NO;https://www.tradingview.com/chart/?symbol=NASDAQ%3ACASY&interval=W;31221291008,0
CAT;NYSE;872,56;12,0;897,49;12,0;NO;-5,85;45,81;13,9;26,9;61,6;-13,0;11,2;41,6;58,4;5,9;NO;31,4;NO;https://www.tradingview.com/chart/?symbol=NYSE%3ACAT&interval=W;401894113280,0
CBK;XETR;35,78;72,0;6,16;6,39;NO;-89,17;-1,41;18,5;34,4;81,8;-15,9;19,5;56,7;43,3;50,8;NO;50,3;NO;https://www.tradingview.com/chart/?symbol=XETR%3ACBK&interval=W;39233609728,0
CBOE;CBOE;359,49;122,67;362,75;116,46;NO;-1,97;44,89;10,3;18,4;40,7;-8,1;10,8;58,9;41,1;49,0;NO;60,5;NO;https://www.tradingview.com/chart/?symbol=CBOE%3ACBOE&interval=W;37687918592,0
CBRE;NYSE;128,48;18,02;144,09;18,13;NO;-25,13;-19,8;25,3;30,1;86,6;-4,8;19,5;64,7;35,3;49,3;NO;76,0;YES;https://www.tradingview.com/chart/?symbol=NYSE%3ACBRE&interval=W;37615218688,0
CCEP;NASDAQ;92,2;14,68;92,61;14,68;NO;-16,51;4,52;19,1;24,7;71,2;-5,6;14,1;57,3;42,7;56,9;NO;93,7;YES;https://www.tradingview.com/chart/?symbol=NASDAQ%3ACCEP&interval=W;40815190016,0
CCL;NYSE;25,12;32,78;17,66;17,17;NO;-65,08;-18,76;29,7;32,9;84,6;-3,2;17,7;53,9;46,1;70,2;YES;74,8;YES;https://www.tradingview.com/chart/?symbol=NYSE%3ACCL&interval=W;34801631232,0
CDW;NASDAQ;103,6;39,48;142,92;39,97;NO;-59,82;-22,2;30,8;21,7;45,0;9,1;10,2;46,9;53,1;14,4;NO;22,3;NO;https://www.tradingview.com/chart/?symbol=NASDAQ%3ACDW&interval=W;13254420480,0
CEG;NASDAQ;281,26;80,06;293,43;309,47;NO;-30,37;-23,21;32,5;28,5;50,8;4,1;13,6;47,9;52,1;42,9;NO;94,0;YES;https://www.tradingview.com/chart/?symbol=NASDAQ%3ACEG&interval=W;101588320256,0
CF;NYSE;124,5;29,33;124,52;29,33;NO;-9,52;55,37;18,1;32,8;76,8;-14,7;14,1;43,0;57,0;36,2;NO;57,2;NO;https://www.tradingview.com/chart/?symbol=NYSE%3ACF&interval=W;19129917440,0
CFG;NYSE;62,23;35,71;64,31;34,76;NO;-8,65;4,78;18,3;28,9;62,5;-10,6;15,9;54,9;45,1;48,5;NO;75,5;YES;https://www.tradingview.com/chart/?symbol=NYSE%3ACFG&interval=W;26326261760,0
CHD;NYSE;94,49;1,35;95,31;1,35;NO;-16,53;14,34;13,8;19,3;45,8;-5,5;8,2;42,3;57,7;20,0;NO;11,1;NO;https://www.tradingview.com/chart/?symbol=NYSE%3ACHD&interval=W;22417233920,0
CHTR;NASDAQ;142,21;331,75;340,51;331,75;NO;-82,68;-32,05;43,5;25,3;54,5;18,1;13,3;52,3;47,7;38,1;NO;71,6;YES;https://www.tradingview.com/chart/?symbol=NASDAQ%3ACHTR&interval=W;20059328512,0
CL;NYSE;90,35;1,76;91,21;1,76;NO;-16,93;16,3;17,5;19,6;45,0;-2,1;8,4;43,0;57,0;20,1;NO;19,1;NO;https://www.tradingview.com/chart/?symbol=NYSE%3ACL&interval=W;72297103360,0
CLX;NYSE;92,65;3,11;143,28;3,13;NO;-61,03;-8,13;32,3;22,0;77,2;10,2;13,3;60,3;39,7;66,3;NO;32,9;NO;https://www.tradingview.com/chart/?symbol=NYSE%3ACLX&interval=W;11204573184,0
CMCSA;NASDAQ;24,88;8,86;36,87;8,86;NO;-56,99;-10,1;23,8;28,7;73,3;-4,9;13,9;48,4;51,6;53,9;NO;64,3;NO;https://www.tradingview.com/chart/?symbol=NASDAQ%3ACMCSA&interval=W;88877047808,0
CMG;NYSE;32,2;1,44;51,12;1,44;NO;-53,03;-14,11;24,5;30,2;73,6;-5,7;15,8;52,2;47,8;13,1;NO;24,9;NO;https://www.tradingview.com/chart/?symbol=NYSE%3ACMG&interval=W;41310449664,0
CMI;NYSE;669,87;8,77;691,46;8,77;NO;-6,5;28,32;15,5;30,8;75,9;-15,2;13,9;45,1;54,9;39,2;NO;34,1;NO;https://www.tradingview.com/chart/?symbol=NYSE%3ACMI&interval=W;92434735104,0
CMS;NYSE;72,85;15,19;75,94;15,19;NO;-8,87;3,45;10,4;24,0;76,5;-13,6;16,7;69,6;30,4;53,5;NO;66,7;NO;https://www.tradingview.com/chart/?symbol=NYSE%3ACMS&interval=W;22498615296,0
CNP;NYSE;41,92;28,08;42,43;28,18;NO;-5,03;8,24;5,9;21,6;79,2;-15,7;13,9;64,3;35,7;51,5;NO;34,0;NO;https://www.tradingview.com/chart/?symbol=NYSE%3ACNP&interval=W;27419514880,0
COF;NYSE;187,23;43,66;193,12;43,66;NO;-27,41;-24,48;31,7;31,2;75,7;0,5;16,0;51,3;48,7;71,0;YES;26,5;NO;https://www.tradingview.com/chart/?symbol=NYSE%3ACOF&interval=W;116511875072,0
COIN;NASDAQ;189,7;61,06;198,55;61,06;NO;-54,81;-19,8;44,9;52,4;87,0;-7,5;18,0;34,4;65,6;35,7;NO;16,5;NO;https://www.tradingview.com/chart/?symbol=NASDAQ%3ACOIN&interval=W;50004987904,0
COO;NASDAQ;61,61;6,01;81,58;6,01;NO;-45,95;-24,04;30,1;34,7;77,1;-4,7;19,2;55,2;44,8;27,8;NO;25,9;NO;https://www.tradingview.com/chart/?symbol=NASDAQ%3ACOO&interval=W;12013193216,0
COR;NYSE;262,58;13,88;351,81;13,88;NO;-29,93;-22,51;32,2;23,8;71,0;8,4;13,3;56,0;44,0;10,7;NO;44,3;NO;https://www.tradingview.com/chart/?symbol=NYSE%3ACOR&interval=W;51165179904,0
CPB;NASDAQ;19,75;35,97;46,68;33,25;NO;-70,77;-28,74;33,0;20,2;39,1;12,9;7,9;39,1;60,9;25,5;NO;68,4;NO;https://www.tradingview.com/chart/?symbol=NASDAQ%3ACPB&interval=W;5888393216,0
CPR;MIL;5,58;2,78;5,67;2,78;NO;-58,59;1,2;20,8;20,4;44,6;0,4;10,1;49,4;50,6;52,9;NO;63,9;NO;https://www.tradingview.com/chart/?symbol=MIL%3ACPR&interval=W;6684429824,0
CPRT;NASDAQ;32,89;0,76;33,17;0,76;NO;-48,48;-12,92;22,2;25,8;64,4;-3,6;14,9;57,7;42,3;2,8;NO;91,9;YES;https://www.tradingview.com/chart/?symbol=NASDAQ%3ACPRT&interval=W;31635048448,0
CPT;NYSE;104,5;28,09;107,7;108,42;NO;-41,52;-5,15;12,9;20,3;65,7;-7,4;13,3;65,4;34,6;35,0;NO;68,0;NO;https://www.tradingview.com/chart/?symbol=NYSE%3ACPT&interval=W;10354966528,0
CRH;NYSE;101,45;93,51;122,94;98,76;NO;-22,78;-19,76;25,0;24,9;56,1;0,1;13,8;55,6;44,4;78,6;YES;79,5;YES;https://www.tradingview.com/chart/?symbol=NYSE%3ACRH&interval=W;67788906496,0
CRL;NYSE;156,37;30,75;200,86;30,75;NO;-65,88;-22,75;33,9;29,2;69,8;4,7;13,9;47,7;52,3;33,8;NO;91,9;YES;https://www.tradingview.com/chart/?symbol=NYSE%3ACRL&interval=W;7560165888,0
CRM;NYSE;180,1;13,48;241,1;13,48;NO;-51,04;-28,99;38,0;29,6;70,5;8,4;14,0;47,3;52,7;64,7;NO;35,2;NO;https://www.tradingview.com/chart/?symbol=NYSE%3ACRM&interval=W;147331481600,0
CSCO;NASDAQ;114,35;1,29;116,05;1,29;NO;-3,81;50,38;13,6;28,2;73,6;-14,7;14,4;51,1;48,9;44,7;NO;91,0;YES;https://www.tradingview.com/chart/?symbol=NASDAQ%3ACSCO&interval=W;450703032320,0
CSGP;NASDAQ;33,19;3,63;77,58;3,63;NO;-66,72;-49,47;52,6;30,9;66,7;21,7;14,5;46,8;53,2;28,9;NO;10,5;NO;https://www.tradingview.com/chart/?symbol=NASDAQ%3ACSGP&interval=W;13551285248,0
CTSH;NASDAQ;50,28;3,0;67,52;3,0;NO;-46,01;-38,14;47,0;30,3;60,2;16,7;14,6;48,1;51,9;9,2;NO;67,7;NO;https://www.tradingview.com/chart/?symbol=NASDAQ%3ACTSH&interval=W;23787169792,0
CTVA;NYSE;78,66;27,7;81,4;27,7;NO;-7,96;16,09;8,0;22,8;34,6;-14,8;7,4;32,3;67,7;13,3;NO;21,2;NO;https://www.tradingview.com/chart/?symbol=NYSE%3ACTVA&interval=W;52662882304,0
CVNA;NYSE;64,91;1,69;79,42;1,7;NO;-32,17;-18,91;41,2;51,7;98,4;-10,5;22,1;42,7;57,3;47,4;NO;84,7;YES;https://www.tradingview.com/chart/?symbol=NYSE%3ACVNA&interval=W;71195607040,0
D;NYSE;67,79;32,13;60,81;75,52;NO;-24,51;14,43;10,7;18,2;55,2;-7,4;10,4;57,4;42,6;29,7;NO;42,3;NO;https://www.tradingview.com/chart/?symbol=NYSE%3AD&interval=W;59622154240,0
DASH;NASDAQ;160,73;58,62;173,77;178,38;NO;-42,95;-26,87;36,4;40,5;70,4;-4,0;17,1;42,3;57,7;79,5;YES;21,1;NO;https://www.tradingview.com/chart/?symbol=NASDAQ%3ADASH&interval=W;70033063936,0
DBK;XETR;27,94;46,55;10,29;10,29;NO;-67,45;-17,14;26,8;32,3;78,7;-5,5;16,3;50,5;49,5;85,7;YES;40,3;NO;https://www.tradingview.com/chart/?symbol=XETR%3ADBK&interval=W;53453795328,0
DE;NYSE;560,46;8,03;572,97;8,03;NO;-15,4;20,06;16,1;26,2;69,6;-10,0;12,0;46,0;54,0;47,2;NO;36,1;NO;https://www.tradingview.com/chart/?symbol=NYSE%3ADE&interval=W;151384342528,0
DECK;NYSE;97,36;2,35;104,08;2,35;NO;-56,36;-8,84;22,6;37,7;83,3;-15,1;18,5;49,1;50,9;72,9;YES;90,7;YES;https://www.tradingview.com/chart/?symbol=NYSE%3ADECK&interval=W;13806054400,0
DGX;NYSE;189,5;56,93;196,53;56,93;NO;-10,58;9,04;11,9;22,1;46,6;-10,1;10,1;46,0;54,0;42,2;NO;11,8;NO;https://www.tradingview.com/chart/?symbol=NYSE%3ADGX&interval=W;20938782720,0
DHI;NYSE;138,1;11,19;153,32;11,19;NO;-29,92;-5,23;21,0;33,0;74,9;-12,0;15,9;48,3;51,7;75,0;YES;94,6;YES;https://www.tradingview.com/chart/?symbol=NYSE%3ADHI&interval=W;39231823872,0
DHR;NYSE;171,12;9,05;228,48;9,06;NO;-41,93;-25,73;33,1;28,2;94,9;4,9;18,7;66,1;33,9;35,4;NO;90,9;YES;https://www.tradingview.com/chart/?symbol=NYSE%3ADHR&interval=W;121113706496,0
DIA;MIL;65,26;28,72;93,02;28,72;NO;-68,83;-4,59;26,8;23,1;47,5;3,7;11,1;48,1;51,9;30,9;NO;76,0;YES;https://www.tradingview.com/chart/?symbol=MIL%3ADIA&interval=W;3249672192,0
DIS;NYSE;104,08;2,29;112,97;2,29;NO;-48,45;-6,95;20,2;27,5;67,5;-7,2;13,5;49,0;51,0;72,5;YES;86,7;YES;https://www.tradingview.com/chart/?symbol=NYSE%3ADIS&interval=W;180736114688,0
DLR;NYSE;190,65;135,81;199,38;66,04;NO;-6,5;22,98;8,6;22,9;56,8;-14,3;12,1;52,6;47,4;18,4;NO;72,9;YES;https://www.tradingview.com/chart/?symbol=NYSE%3ADLR&interval=W;68195323904,0
DOC;NYSE;19,53;36,48;17,32;17,25;NO;-64,67;20,56;11,6;26,7;61,7;-15,2;13,9;51,9;48,1;61,1;NO;28,8;NO;https://www.tradingview.com/chart/?symbol=NYSE%3ADOC&interval=W;13460919296,0
DOV;NYSE;208,14;2,68;208,36;2,68;NO;-10,79;6,33;13,1;24,1;55,8;-11,0;12,0;49,9;50,1;46,0;NO;81,6;YES;https://www.tradingview.com/chart/?symbol=NYSE%3ADOV&interval=W;28027078656,0
DOW;NYSE;36,42;48,52;53,48;53,48;NO;-48,64;50,06;15,0;37,4;59,1;-22,5;12,4;33,2;66,8;66,5;NO;46,6;NO;https://www.tradingview.com/chart/?symbol=NYSE%3ADOW&interval=W;26242484224,0
DPZ;NASDAQ;312,41;8,16;403,71;8,16;NO;-44,64;-26,54;28,9;25,3;81,0;3,6;16,8;66,4;33,6;41,0;NO;87,7;YES;https://www.tradingview.com/chart/?symbol=NASDAQ%3ADPZ&interval=W;10393336832,0
DRI;NYSE;194,01;42,93;202,26;42,93;NO;-14,07;3,63;12,8;26,2;72,1;-13,4;13,4;51,1;48,9;48,1;NO;1,6;NO;https://www.tradingview.com/chart/?symbol=NYSE%3ADRI&interval=W;22191384576,0
DTE;NYSE;142,57;35,12;143,03;35,12;NO;-6,01;9,37;7,9;18,4;58,0;-10,5;9,6;52,0;48,0;52,7;NO;43,6;NO;https://www.tradingview.com/chart/?symbol=NYSE%3ADTE&interval=W;29698121728,0
DTG;XETR;39,81;30,05;41,2;32,85;NO;-16,44;5,88;12,6;30,6;37,8;-18,0;8,3;27,0;73,0;74,6;YES;23,8;NO;https://www.tradingview.com/chart/?symbol=XETR%3ADTG&interval=W;30428256256,0
DUK;NYSE;123,81;53,41;128,25;53,5;NO;-7,23;5,42;9,4;18,6;58,4;-9,2;10,5;56,3;43,7;81,4;YES;72,6;YES;https://www.tradingview.com/chart/?symbol=NYSE%3ADUK&interval=W;96521805824,0
DVA;NYSE;196,32;6,87;198,72;6,87;NO;-2,1;71,44;9,5;27,7;79,0;-18,2;15,2;54,8;45,2;23,5;NO;9,8;NO;https://www.tradingview.com/chart/?symbol=NYSE%3ADVA&interval=W;12604650496,0
DVN;NYSE;48,43;25,02;46,03;61,57;NO;-61,06;27,88;15,1;34,5;79,6;-19,4;14,6;42,2;57,8;46,4;NO;86,3;YES;https://www.tradingview.com/chart/?symbol=NYSE%3ADVN&interval=W;55897067520,0
ECL;NYSE;248,64;4,15;269,1;4,15;NO;-19,36;-5,33;20,3;20,7;56,0;-0,4;11,9;57,3;42,7;5,5;NO;67,7;NO;https://www.tradingview.com/chart/?symbol=NYSE%3AECL&interval=W;69976621056,0
ED;NYSE;106,53;42,3;109,24;42,48;NO;-7,74;6,54;8,7;17,6;71,3;-8,9;9,9;56,2;43,8;60,7;NO;53,7;NO;https://www.tradingview.com/chart/?symbol=NYSE%3AED&interval=W;39292637184,0
EFX;NYSE;158,53;22,29;245,55;22,43;NO;-48,38;-25,93;30,5;25,3;52,8;5,2;11,0;43,5;56,5;56,9;NO;82,5;YES;https://www.tradingview.com/chart/?symbol=NYSE%3AEFX&interval=W;19490932736,0
EL;NYSE;76,75;19,15;91,56;19,15;NO;-79,36;-28,11;43,8;26,9;62,8;16,9;14,8;55,1;44,9;51,3;NO;84,2;YES;https://www.tradingview.com/chart/?symbol=NYSE%3AEL&interval=W;27767758848,0
EME;NYSE;849,41;11,56;916,21;11,56;NO;-10,0;33,0;13,7;26,0;67,4;-12,3;13,4;51,5;48,5;76,9;YES;3,0;NO;https://www.tradingview.com/chart/?symbol=NYSE%3AEME&interval=W;37795459072,0
EMR;NYSE;132,86;33,11;144,76;30,09;NO;-17,83;-2,18;23,7;20,8;51,5;3,0;10,7;51,6;48,4;11,7;NO;79,9;YES;https://www.tradingview.com/chart/?symbol=NYSE%3AEMR&interval=W;74414882816,0
ENEL;MIL;9,65;3,97;9,71;3,97;NO;-5,36;7,2;11,1;23,1;50,0;-12,0;12,0;52,1;47,9;56,4;NO;15,3;NO;https://www.tradingview.com/chart/?symbol=MIL%3AENEL&interval=W;95739641856,0
ENR;XETR;173,04;23,42;173,22;23,42;NO;-7,77;40,74;16,9;36,9;71,9;-20,0;20,7;56,1;43,9;59,3;NO;62,3;NO;https://www.tradingview.com/chart/?symbol=XETR%3AENR&interval=W;147230834688,0
EPAM;NYSE;101,01;64,12;173,29;180,39;NO;-85,92;-49,61;59,5;31,5;72,8;27,9;16,8;53,4;46,6;67,1;NO;61,7;NO;https://www.tradingview.com/chart/?symbol=NYSE%3AEPAM&interval=W;5278518272,0
EQIX;NASDAQ;1065,06;82,14;1077,88;82,48;NO;-4,5;39,39;6,0;34,1;94,7;-28,1;23,9;70,1;29,9;53,3;NO;33,2;NO;https://www.tradingview.com/chart/?symbol=NASDAQ%3AEQIX&interval=W;105040748544,0
EQT;NYSE;58,58;20,32;58,73;20,39;NO;-13,76;9,58;17,9;23,9;69,5;-6,0;13,6;57,0;43,0;78,2;YES;13,3;NO;https://www.tradingview.com/chart/?symbol=NYSE%3AEQT&interval=W;36646756352,0
ERIE;NASDAQ;219,22;32,2;282,27;32,25;NO;-59,76;-21,09;26,8;20,3;43,8;6,5;10,6;52,0;48,0;21,6;NO;39,4;NO;https://www.tradingview.com/chart/?symbol=NASDAQ%3AERIE&interval=W;11462462464,0
ETN;NYSE;379,69;5,28;398,77;5,3;NO;-12,31;16,0;14,1;24,8;59,9;-10,7;10,9;43,9;56,1;5,6;NO;10,2;NO;https://www.tradingview.com/chart/?symbol=NYSE%3AETN&interval=W;147433635840,0
ETR;NYSE;111,42;35,38;112,32;35,44;NO;-5,5;18,71;7,5;21,4;51,2;-13,8;11,1;52,1;47,9;41,9;NO;79,4;YES;https://www.tradingview.com/chart/?symbol=NYSE%3AETR&interval=W;51036065792,0
EXE;NASDAQ;98,58;98,68;108,84;102,76;NO;-19,78;-10,19;17,3;22,9;27,9;-5,7;4,0;17,3;82,7;64,4;NO;12,8;NO;https://www.tradingview.com/chart/?symbol=NASDAQ%3AEXE&interval=W;23592749056,0
EXPE;NASDAQ;210,69;21,02;234,9;21,1;NO;-30,08;-25,54;37,4;33,1;80,2;4,4;16,5;50,0;50,0;23,3;NO;43,7;NO;https://www.tradingview.com/chart/?symbol=NASDAQ%3AEXPE&interval=W;25287452672,0
EXR;NYSE;140,6;16,35;146,78;16,35;NO;-37,99;7,36;16,0;23,4;63,4;-7,4;14,1;60,1;39,9;57,7;NO;77,8;YES;https://www.tradingview.com/chart/?symbol=NYSE%3AEXR&interval=W;31005290496,0
FANG;NASDAQ;207,45;130,85;207,95;130,85;NO;-2,92;36,18;11,7;31,4;83,9;-19,7;17,2;54,9;45,1;34,8;NO;92,6;YES;https://www.tradingview.com/chart/?symbol=NASDAQ%3AFANG&interval=W;58241703936,0
FAST;NASDAQ;43,18;1,57;45,28;1,58;NO;-14,31;6,78;12,2;26,4;61,1;-14,2;10,5;39,9;60,1;11,6;NO;61,2;NO;https://www.tradingview.com/chart/?symbol=NASDAQ%3AFAST&interval=W;49583632384,0
FCT;MIL;11,59;4,87;14,56;4,87;NO;-56,95;-34,37;45,3;35,5;58,2;9,8;11,4;32,1;67,9;25,0;NO;32,4;NO;https://www.tradingview.com/chart/?symbol=MIL%3AFCT&interval=W;4151454208,0
FDS;NYSE;221,93;28,77;291,03;28,77;NO;-55,23;-22,1;36,0;25,8;59,0;10,2;12,8;49,9;50,1;44,7;NO;32,5;NO;https://www.tradingview.com/chart/?symbol=NYSE%3AFDS&interval=W;8087163904,0
FICO;NYSE;1204,67;25,07;1791,13;25,07;NO;-49,43;-26,69;44,6;30,3;65,2;14,3;13,7;45,2;54,8;63,9;NO;29,2;NO;https://www.tradingview.com/chart/?symbol=NYSE%3AFICO&interval=W;27937157120,0
FIS;NYSE;41,83;22,82;68,76;22,82;NO;-73,43;-36,25;38,1;23,5;59,0;14,6;14,3;61,1;38,9;56,3;NO;61,3;NO;https://www.tradingview.com/chart/?symbol=NYSE%3AFIS&interval=W;21605548032,0
FISV;NASDAQ;55,48;7,54;65,49;7,54;NO;-76,67;-15,41;25,0;21,9;74,9;3,1;14,0;63,7;36,3;14,9;NO;9,6;NO;https://www.tradingview.com/chart/?symbol=NASDAQ%3AFISV&interval=W;29584930816,0
FME;XETR;38,84;35,92;69,58;36,01;NO;-58,24;-3,6;16,1;25,4;71,2;-9,3;14,9;58,6;41,4;90,5;YES;7,4;NO;https://www.tradingview.com/chart/?symbol=XETR%3AFME&interval=W;10431050752,0
FRE;XETR;40,03;23,58;43,72;25,19;NO;-49,74;-16,24;26,5;25,0;74,6;1,5;15,9;63,6;36,4;86,0;YES;71,7;YES;https://www.tradingview.com/chart/?symbol=XETR%3AFRE&interval=W;22546386944,0
G;MIL;38,18;14,87;38,92;14,87;NO;-3,15;6,68;9,4;24,3;54,4;-15,0;13,8;56,9;43,1;58,0;NO;28,0;NO;https://www.tradingview.com/chart/?symbol=MIL%3AG&interval=W;57116438528,0
G1A;XETR;54,95;20,67;62,12;20,67;NO;-17,31;-4,35;17,8;29,9;64,8;-12,1;14,9;49,9;50,1;4,2;NO;75,0;YES;https://www.tradingview.com/chart/?symbol=XETR%3AG1A&interval=W;8945951744,0
GD;NYSE;339,75;4,1;348,51;4,11;NO;-7,85;-1,06;15,2;25,9;58,3;-10,7;13,8;53,1;46,9;72,0;YES;70,1;YES;https://www.tradingview.com/chart/?symbol=NYSE%3AGD&interval=W;91878653952,0
GEHC;NASDAQ;63,06;77,98;73,95;78,17;NO;-32,82;-23,86;32,5;28,6;37,2;4,0;6,9;24,0;76,0;68,7;NO;60,9;NO;https://www.tradingview.com/chart/?symbol=NASDAQ%3AGEHC&interval=W;28694800384,0
GEV;NYSE;1024,52;169,44;1064,57;169,44;NO;-10,87;50,76;12,0;25,9;38,3;-14,0;12,3;47,6;52,4;43,0;NO;12,5;NO;https://www.tradingview.com/chart/?symbol=NYSE%3AGEV&interval=W;275309035520,0
GILD;NASDAQ;130,69;1,81;138,83;1,81;NO;-16,12;7,48;18,0;29,3;59,7;-11,3;14,4;49,2;50,8;25,0;NO;17,0;NO;https://www.tradingview.com/chart/?symbol=NASDAQ%3AGILD&interval=W;162260779008,0
GIS;NYSE;32,77;1,54;65,34;1,54;NO;-63,83;-28,32;33,1;18,4;51,8;14,8;8,4;45,6;54,4;29,2;NO;88,1;YES;https://www.tradingview.com/chart/?symbol=NYSE%3AGIS&interval=W;17493803008,0
GM;NYSE;76,14;35,92;76,92;36,01;NO;-11,85;-5,98;16,2;28,4;55,1;-12,2;14,3;50,5;49,5;15,9;NO;88,1;YES;https://www.tradingview.com/chart/?symbol=NYSE%3AGM&interval=W;68652789760,0
GOOG;NASDAQ;384,9;28,15;390,74;28,19;NO;-3,54;22,07;20,8;20,6;43,6;0,2;9,7;47,3;52,7;81,1;YES;13,0;NO;https://www.tradingview.com/chart/?symbol=NASDAQ%3AGOOG&interval=W;4663234002944,0
GPC;NYSE;94,16;33,75;137,27;33,75;NO;-49,72;-24,06;38,0;20,6;52,8;17,4;10,4;50,4;49,6;59,5;NO;97,9;YES;https://www.tradingview.com/chart/?symbol=NYSE%3AGPC&interval=W;13120606208,0
GPN;NYSE;69,75;23,68;99,34;23,68;NO;-68,19;-7,65;24,0;26,1;46,2;-2,1;11,5;44,2;55,8;55,7;NO;31,5;NO;https://www.tradingview.com/chart/?symbol=NYSE%3AGPN&interval=W;19071455232,0
GRMN;NYSE;235,57;30,87;240,69;30,87;NO;-11,94;16,37;15,6;29,0;83,5;-13,3;15,7;54,4;45,6;84,6;YES;76,3;YES;https://www.tradingview.com/chart/?symbol=NYSE%3AGRMN&interval=W;45546848256,0
GWW;NYSE;1228,3;41,22;1252,21;41,22;NO;-4,35;22,36;13,3;22,6;58,4;-9,3;10,4;45,7;54,3;7,2;NO;46,2;NO;https://www.tradingview.com/chart/?symbol=NYSE%3AGWW&interval=W;57962131456,0
HCA;NYSE;396,67;77,18;432,71;77,59;NO;-27,23;-15,67;27,2;25,5;54,9;1,8;12,9;50,6;49,4;54,5;NO;73,8;YES;https://www.tradingview.com/chart/?symbol=NYSE%3AHCA&interval=W;87997202432,0
HD;NYSE;310,58;31,42;353,71;31,42;NO;-28,0;-10,19;23,9;24,4;54,6;-0,5;13,3;54,6;45,4;75,1;YES;93,8;YES;https://www.tradingview.com/chart/?symbol=NYSE%3AHD&interval=W;309346238464,0
HEI;XETR;173,15;46,01;188,74;46,01;NO;-27,55;-22,11;32,6;30,7;76,3;2,0;15,7;51,3;48,7;87,6;YES;73,1;YES;https://www.tradingview.com/chart/?symbol=XETR%3AHEI&interval=W;30537611264,0
HIG;NYSE;134,48;16,29;135,2;16,29;NO;-6,31;-1,92;8,5;28,0;94,2;-19,5;20,9;74,6;25,4;46,5;NO;28,8;NO;https://www.tradingview.com/chart/?symbol=NYSE%3AHIG&interval=W;36804800512,0
HII;NYSE;318,03;205,61;324,68;205,61;NO;-29,91;-9,07;30,6;23,4;50,5;7,3;12,5;53,5;46,5;76,6;YES;37,6;NO;https://www.tradingview.com/chart/?symbol=NYSE%3AHII&interval=W;12531268608,0
HNR1;XETR;243,2;33,39;255,5;33,52;NO;-16,31;-6,89;15,5;22,0;56,1;-6,4;11,6;53,0;47,0;47,4;NO;8,9;NO;https://www.tradingview.com/chart/?symbol=XETR%3AHNR1&interval=W;29329223680,0
HOOD;NASDAQ;75,76;11,31;77,3;11,31;NO;-50,31;-34,24;47,1;51,8;75,7;-4,6;15,5;29,9;70,1;62,4;NO;4,9;NO;https://www.tradingview.com/chart/?symbol=NASDAQ%3AHOOD&interval=W;68222267392,0
HPQ;NYSE;20,97;2,22;28,7;2,22;NO;-48,02;-5,2;17,8;30,3;64,7;-12,4;13,5;44,6;55,4;11,2;NO;89,1;YES;https://www.tradingview.com/chart/?symbol=NYSE%3AHPQ&interval=W;19240953856,0
HRL;NYSE;20,49;8,52;30,18;8,52;NO;-62,62;-12,4;23,5;20,6;41,1;2,9;8,4;40,7;59,3;53,3;NO;87,7;YES;https://www.tradingview.com/chart/?symbol=NYSE%3AHRL&interval=W;11280826368,0
HSY;NYSE;187,78;37,04;188,97;37,04;NO;-32,05;2,94;23,0;19,8;49,5;3,1;9,1;45,7;54,3;20,4;NO;9,5;NO;https://www.tradingview.com/chart/?symbol=NYSE%3AHSY&interval=W;38164979712,0
HUBB;NYSE;461,06;41,54;507,36;41,54;NO;-17,35;-0,43;17,4;22,6;55,9;-5,2;10,7;47,2;52,8;15,2;NO;40,7;NO;https://www.tradingview.com/chart/?symbol=NYSE%3AHUBB&interval=W;24395462656,0
HWM;NYSE;261,21;23,69;267,45;23,69;NO;-4,52;23,38;15,9;27,0;68,9;-11,1;17,0;63,0;37,0;30,9;NO;54,0;NO;https://www.tradingview.com/chart/?symbol=NYSE%3AHWM&interval=W;104512069632,0
IBKR;NASDAQ;83,79;4,04;85,27;4,04;NO;-5,09;24,63;18,8;26,9;63,1;-8,1;12,7;47,2;52,8;58,2;NO;47,2;NO;https://www.tradingview.com/chart/?symbol=NASDAQ%3AIBKR&interval=W;142447886336,0
IBM;NYSE;225,0;25,1;303,08;25,1;NO;-28,57;-22,81;31,8;23,5;56,2;8,3;10,8;46,0;54,0;40,0;NO;52,3;NO;https://www.tradingview.com/chart/?symbol=NYSE%3AIBM&interval=W;211474202624,0
ICE;NYSE;151,69;26,72;157,78;26,81;NO;-19,51;-5,19;14,4;22,2;72,7;-7,8;15,4;69,3;30,7;76,4;YES;11,2;NO;https://www.tradingview.com/chart/?symbol=NYSE%3AICE&interval=W;85782593536,0
IDXX;NASDAQ;539,29;8,68;576,22;8,69;NO;-29,66;-19,51;27,1;26,7;73,7;0,3;13,8;51,8;48,2;40,6;NO;85,2;YES;https://www.tradingview.com/chart/?symbol=NASDAQ%3AIDXX&interval=W;42552250368,0
IEX;NYSE;205,57;34,31;209,35;34,33;NO;-16,39;14,81;14,5;23,0;55,0;-8,5;11,1;48,2;51,8;46,1;NO;99,5;YES;https://www.tradingview.com/chart/?symbol=NYSE%3AIEX&interval=W;15211574272,0
IFF;NYSE;72,76;34,55;126,32;134,08;NO;-53,62;6,95;19,7;22,6;59,5;-2,8;11,1;49,4;50,6;73,4;YES;89,6;YES;https://www.tradingview.com/chart/?symbol=NYSE%3AIFF&interval=W;18579709952,0
INSM;NASDAQ;108,2;26,2;160,47;26,22;NO;-48,82;-38,91;42,8;54,8;91,1;-12,0;18,7;34,0;66,0;23,3;NO;38,0;NO;https://www.tradingview.com/chart/?symbol=NASDAQ%3AINSM&interval=W;23471040512,0
INTU;NASDAQ;383,93;26,85;664,52;26,85;NO;-52,45;-39,01;46,2;27,0;69,3;19,2;15,7;58,1;41,9;74,2;YES;1,4;NO;https://www.tradingview.com/chart/?symbol=NASDAQ%3AINTU&interval=W;106837762048,0
INVH;NYSE;28,79;28,87;33,71;28,87;NO;-36,5;3,86;13,2;21,2;50,5;-8,0;13,6;64,4;35,6;88,9;YES;77,7;YES;https://www.tradingview.com/chart/?symbol=NYSE%3AINVH&interval=W;17102469120,0
INW;MIL;6,72;9,25;10,29;9,44;NO;-46,67;-14,33;30,3;19,6;30,5;10,7;7,0;35,5;64,5;76,9;YES;34,4;NO;https://www.tradingview.com/chart/?symbol=MIL%3AINW&interval=W;6071767552,0
IP;NYSE;30,24;32,31;46,53;34,75;NO;-50,93;-24,87;40,3;27,0;69,1;13,3;12,3;45,5;54,5;81,1;YES;87,6;YES;https://www.tradingview.com/chart/?symbol=NYSE%3AIP&interval=W;15991412736,0
IQV;NYSE;167,19;77,68;216,29;217,97;NO;-40,84;-25,82;35,9;22,2;49,4;13,6;11,6;52,2;47,8;23,0;NO;77,2;YES;https://www.tradingview.com/chart/?symbol=NYSE%3AIQV&interval=W;27904012288,0
IR;NYSE;68,97;48,8;80,87;48,8;NO;-34,53;-13,53;30,6;27,2;50,3;3,4;13,8;50,7;49,3;63,3;NO;97,1;YES;https://www.tradingview.com/chart/?symbol=NYSE%3AIR&interval=W;27021809664,0
IRM;NYSE;125,13;30,82;125,37;30,82;NO;-5,25;50,32;13,8;24,2;51,1;-10,4;10,7;44,1;55,9;73,6;YES;59,4;NO;https://www.tradingview.com/chart/?symbol=NYSE%3AIRM&interval=W;37229260800,0
ISRG;NASDAQ;449,03;6,93;480,45;6,95;NO;-26,44;-20,1;29,1;32,2;68,9;-3,0;16,5;51,4;48,6;6,8;NO;83,2;YES;https://www.tradingview.com/chart/?symbol=NASDAQ%3AISRG&interval=W;159029739520,0
ITW;NYSE;250,77;46,8;269,76;46,8;NO;-16,3;0,51;17,4;22,3;48,3;-4,9;10,0;44,8;55,2;18,1;NO;82,2;YES;https://www.tradingview.com/chart/?symbol=NYSE%3AITW&interval=W;72146526208,0
IVG;MIL;13,92;9,08;13,94;9,08;NO;-29,38;-26,04;29,4;38,6;58,4;-9,2;13,1;34,0;66,0;0,0;NO;16,7;NO;https://www.tradingview.com/chart/?symbol=MIL%3AIVG&interval=W;3707547392,0
J;NYSE;111,3;32,31;135,78;32,74;NO;-32,32;-17,77;29,0;30,5;74,1;-1,5;13,1;42,8;57,2;34,1;NO;53,6;NO;https://www.tradingview.com/chart/?symbol=NYSE%3AJ&interval=W;13151257600,0
JBHT;NASDAQ;255,55;4,06;256,09;4,06;NO;-2,79;29,87;15,9;28,6;67,2;-12,8;13,0;45,5;54,5;70,2;YES;53,7;NO;https://www.tradingview.com/chart/?symbol=NASDAQ%3AJBHT&interval=W;24089202688,0
JBL;NYSE;350,56;19,41;355,38;19,41;NO;-5,85;45,83;13,1;39,5;71,7;-26,4;16,2;41,0;59,0;52,8;NO;51,9;NO;https://www.tradingview.com/chart/?symbol=NYSE%3AJBL&interval=W;36943855616,0
JCI;NYSE;137,75;19,48;143,26;19,59;NO;-5,67;12,62;13,0;30,5;85,6;-17,5;17,5;57,3;42,7;25,8;NO;54,0;NO;https://www.tradingview.com/chart/?symbol=NYSE%3AJCI&interval=W;84043423744,0
JKHY;NASDAQ;138,44;19,46;165,94;19,58;NO;-34,41;-22,38;30,4;27,4;71,9;3,0;17,0;62,0;38,0;31,2;NO;54,3;NO;https://www.tradingview.com/chart/?symbol=NASDAQ%3AJKHY&interval=W;9828810752,0
JNJ;NYSE;229,32;3,08;237,96;3,08;NO;-7,74;10,6;11,0;18,0;38,4;-7,1;7,8;43,3;56,7;37,9;NO;45,8;NO;https://www.tradingview.com/chart/?symbol=NYSE%3AJNJ&interval=W;552022966272,0
JPM;NYSE;301,98;40,7;310,96;40,7;NO;-9,77;-7,22;15,5;27,1;67,6;-11,6;13,7;50,6;49,4;82,5;YES;40,8;NO;https://www.tradingview.com/chart/?symbol=NYSE%3AJPM&interval=W;809158836224,0
KDP;NASDAQ;28,59;6,23;33,76;6,33;NO;-28,67;3,1;18,4;18,8;50,7;-0,4;10,8;57,4;42,6;38,2;NO;8,8;NO;https://www.tradingview.com/chart/?symbol=NASDAQ%3AKDP&interval=W;38871183360,0
KHC;NASDAQ;23,23;77,37;35,07;35,07;NO;-75,96;-4,76;15,1;27,9;48,2;-12,8;11,3;40,5;59,5;47,6;NO;89,3;YES;https://www.tradingview.com/chart/?symbol=NASDAQ%3AKHC&interval=W;27545614336,0
KKR;NYSE;94,34;24,25;101,47;24,25;NO;-43,53;-26,81;38,2;33,2;88,6;5,0;18,1;54,6;45,4;73,7;YES;66,2;NO;https://www.tradingview.com/chart/?symbol=NYSE%3AKKR&interval=W;87966531584,0
KMB;NASDAQ;95,85;61,15;134,58;61,15;NO;-39,66;-5,47;16,5;19,8;64,7;-3,3;10,4;52,6;47,4;60,7;NO;76,6;YES;https://www.tradingview.com/chart/?symbol=NASDAQ%3AKMB&interval=W;31813163008,0
KMI;NYSE;33,59;41,43;17,7;17,7;NO;-24,64;21,22;9,2;25,2;67,4;-16,0;15,1;60,0;40,0;32,1;NO;85,3;YES;https://www.tradingview.com/chart/?symbol=NYSE%3AKMI&interval=W;74731896832,0
KR;NYSE;65,89;10,54;66,58;10,54;NO;-12,84;4,65;14,5;25,5;85,7;-11,0;13,8;54,0;46,0;86,0;YES;6,7;NO;https://www.tradingview.com/chart/?symbol=NYSE%3AKR&interval=W;40638377984,0
KVUE;NYSE;17,07;26,52;23,16;23,16;NO;-37,93;-1,44;12,5;31,8;42,3;-19,3;9,5;29,9;70,1;52,3;NO;79,1;YES;https://www.tradingview.com/chart/?symbol=NYSE%3AKVUE&interval=W;32764950528,0
LDO;MIL;51,74;9,71;58,05;9,71;NO;-19,48;1,02;23,8;35,4;73,4;-11,6;16,2;45,8;54,2;75,5;YES;89,8;YES;https://www.tradingview.com/chart/?symbol=MIL%3ALDO&interval=W;29853442048,0
LDOS;NYSE;122,25;51,34;148,07;48,23;NO;-39,3;-33,37;38,4;23,2;42,5;15,1;8,2;35,3;64,7;25,5;NO;53,0;NO;https://www.tradingview.com/chart/?symbol=NYSE%3ALDOS&interval=W;15347713024,0
LEN;NYSE;85,0;17,85;116,8;17,85;NO;-55,83;-18,44;33,3;36,8;83,3;-3,6;18,6;50,6;49,4;75,6;YES;91,6;YES;https://www.tradingview.com/chart/?symbol=NYSE%3ALEN&interval=W;20935356416,0
LH;NYSE;251,52;64,42;268,12;64,84;NO;-13,55;-0,06;13,6;26,3;71,6;-12,7;16,9;64,4;35,6;31,1;NO;47,5;NO;https://www.tradingview.com/chart/?symbol=NYSE%3ALH&interval=W;20640628736,0
LHX;NYSE;308,01;4,55;358,17;4,55;NO;-18,62;1,16;20,8;27,8;61,1;-6,9;13,6;48,9;51,1;2,0;NO;38,9;NO;https://www.tradingview.com/chart/?symbol=NYSE%3ALHX&interval=W;57444048896,0
LII;NYSE;480,71;27,5;499,21;27,71;NO;-29,14;-3,65;23,2;26,8;53,8;-3,6;13,9;52,0;48,0;45,1;NO;72,1;YES;https://www.tradingview.com/chart/?symbol=NYSE%3ALII&interval=W;16729040896,0
LIN;NASDAQ;506,63;22,56;508,14;22,56;NO;-1,29;18,07;6,2;19,4;52,0;-13,2;10,7;55,0;45,0;47,4;NO;52,7;NO;https://www.tradingview.com/chart/?symbol=NASDAQ%3ALIN&interval=W;234239016960,0
LITE;NASDAQ;866,56;46,4;950,6;46,78;NO;-17,71;124,43;28,7;39,2;54,1;-10,5;8,6;22,1;77,9;67,0;NO;12,9;NO;https://www.tradingview.com/chart/?symbol=NASDAQ%3ALITE&interval=W;67333562368,0
LLY;NYSE;1018,87;58,62;1044,29;59,79;NO;-8,2;-5,69;23,2;22,1;47,7;1,1;9,1;41,2;58,8;85,8;YES;70,3;YES;https://www.tradingview.com/chart/?symbol=NYSE%3ALLY&interval=W;908568559616,0
LNT;NASDAQ;72,69;14,45;72,73;14,45;NO;-1,85;10,82;5,9;16,5;53,4;-10,6;8,9;53,8;46,2;64,0;NO;60,5;NO;https://www.tradingview.com/chart/?symbol=NASDAQ%3ALNT&interval=W;18792237056,0
LOW;NYSE;221,05;3,15;230,56;3,15;NO;-23,08;-10,47;24,1;29,1;63,5;-5,0;12,6;43,3;56,7;36,0;NO;87,0;YES;https://www.tradingview.com/chart/?symbol=NYSE%3ALOW&interval=W;124009054208,0
LTMC;MIL;24,97;20,89;26,11;20,81;NO;-10,08;12,17;13,2;16,8;23,8;-3,6;5,0;29,6;70,4;16,7;NO;69,2;NO;https://www.tradingview.com/chart/?symbol=MIL%3ALTMC&interval=W;5867876864,0
LULU;NASDAQ;121,98;59,88;169,66;59,88;NO;-76,14;-42,14;44,8;37,3;84,2;7,5;16,2;43,4;56,6;76,7;YES;99,3;YES;https://www.tradingview.com/chart/?symbol=NASDAQ%3ALULU&interval=W;14575645696,0
LVS;NYSE;48,6;49,29;44,99;44,99;NO;-66,38;-25,47;25,5;38,2;96,8;-12,8;19,5;51,1;48,9;3,4;NO;47,2;NO;https://www.tradingview.com/chart/?symbol=NYSE%3ALVS&interval=W;32184293376,0
LYB;NYSE;71,39;87,96;86,83;88,07;NO;-41,24;60,82;19,6;31,7;62,8;-12,1;12,6;39,7;60,3;42,1;NO;58,2;NO;https://www.tradingview.com/chart/?symbol=NYSE%3ALYB&interval=W;23079110656,0
MA;NYSE;498,04;22,32;499,06;22,32;NO;-16,85;-11,56;16,6;20,3;62,2;-3,8;12,6;62,1;37,9;54,6;NO;4,4;NO;https://www.tradingview.com/chart/?symbol=NYSE%3AMA&interval=W;440060116992,0
MAA;NYSE;128,06;100,37;152,28;100,37;NO;-44,19;-7,96;13,3;19,1;59,7;-5,8;11,6;60,8;39,2;50,3;NO;74,2;YES;https://www.tradingview.com/chart/?symbol=NYSE%3AMAA&interval=W;15282163712,0
MCD;NYSE;280,27;3,62;308,29;3,62;NO;-17,82;-7,58;19,5;20,5;66,4;-1,0;11,2;54,7;45,3;51,7;NO;7,7;NO;https://www.tradingview.com/chart/?symbol=NYSE%3AMCD&interval=W;199133462528,0
MCHP;NASDAQ;92,41;13,96;99,58;14,32;NO;-10,21;42,1;25,6;31,2;58,8;-5,6;13,4;42,9;57,1;53,0;NO;57,0;NO;https://www.tradingview.com/chart/?symbol=NASDAQ%3AMCHP&interval=W;50076680192,0
MCO;NYSE;444,27;24,79;453,92;24,79;NO;-17,67;-10,96;23,6;24,8;65,9;-1,2;14,9;59,8;40,2;82,1;YES;59,3;NO;https://www.tradingview.com/chart/?symbol=NYSE%3AMCO&interval=W;77603495936,0
MDLZ;NASDAQ;61,84;20,91;67,1;20,91;NO;-21,08;15,27;13,2;17,6;31,1;-4,4;7,0;39,5;60,5;13,2;NO;57,9;NO;https://www.tradingview.com/chart/?symbol=NASDAQ%3AMDLZ&interval=W;79380905984,0
MDT;NYSE;78,15;1,51;88,68;1,52;NO;-42,18;-18,64;27,8;25,6;64,2;2,1;11,9;46,6;53,4;54,7;NO;3,4;NO;https://www.tradingview.com/chart/?symbol=NYSE%3AMDT&interval=W;100335607808,0
MELI;NASDAQ;1651,2;88,36;2046,64;88,64;NO;-36,82;-16,34;32,6;35,9;88,2;-3,3;15,5;43,1;56,9;21,1;NO;64,3;NO;https://www.tradingview.com/chart/?symbol=NASDAQ%3AMELI&interval=W;83711188992,0
META;NASDAQ;605,06;25,47;663,89;25,5;NO;-23,41;-6,97;28,8;28,2;73,7;0,6;17,8;63,1;36,9;47,2;NO;31,0;NO;https://www.tradingview.com/chart/?symbol=NASDAQ%3AMETA&interval=W;1535898419200,0
MKC;NYSE;46,03;1,41;68,43;1,43;NO;-56,12;-31,58;36,4;20,9;51,1;15,4;10,1;48,1;51,9;53,6;NO;52,1;NO;https://www.tradingview.com/chart/?symbol=NYSE%3AMKC&interval=W;12369475584,0
MLM;NYSE;533,19;80,28;614,39;80,28;NO;-24,7;-15,96;24,8;25,9;52,6;-1,1;11,6;44,8;55,2;69,3;NO;85,9;YES;https://www.tradingview.com/chart/?symbol=NYSE%3AMLM&interval=W;32039591936,0
MONC;MIL;51,24;15,55;51,33;15,56;NO;-27,15;-6,36;15,9;29,0;43,5;-13,1;10,1;34,6;65,4;65,2;NO;89,7;YES;https://www.tradingview.com/chart/?symbol=MIL%3AMONC&interval=W;13936560128,0
MOS;NYSE;21,63;13,75;27,29;26,7;NO;-86,57;-13,55;31,8;36,3;86,1;-4,6;15,0;41,2;58,8;74,8;YES;5,4;NO;https://www.tradingview.com/chart/?symbol=NYSE%3AMOS&interval=W;6878201344,0
MRK;XETR;125,8;33,74;166,1;33,76;NO;-45,16;3,16;22,0;24,6;55,5;-2,7;9,9;40,2;59,8;83,3;YES;37,5;NO;https://www.tradingview.com/chart/?symbol=XETR%3AMRK&interval=W;54695059456,0
MRNA;NASDAQ;47,57;65,67;27,13;26,42;NO;-90,18;54,15;22,7;56,9;77,9;-34,3;10,5;18,5;81,5;73,8;YES;78,1;YES;https://www.tradingview.com/chart/?symbol=NASDAQ%3AMRNA&interval=W;18879090688,0
MRSH;NYSE;163,38;28,8;182,91;28,96;NO;-33,11;-10,46;16,1;20,9;55,6;-4,8;11,1;53,1;46,9;21,9;NO;28,8;NO;https://www.tradingview.com/chart/?symbol=NYSE%3AMRSH&interval=W;78715584512,0
MSI;NYSE;395,92;68,62;418,44;68,76;NO;-21,54;3,91;21,0;27,9;80,4;-6,9;15,1;54,1;45,9;83,3;YES;23,6;NO;https://www.tradingview.com/chart/?symbol=NYSE%3AMSI&interval=W;65720975360,0
MSTR;NASDAQ;164,9;5,57;386,27;5,96;NO;-65,2;4,92;40,3;46,2;97,0;-5,8;22,6;48,9;51,1;3,2;NO;50,4;NO;https://www.tradingview.com/chart/?symbol=NASDAQ%3AMSTR&interval=W;57854070784,0
MTB;NYSE;208,31;119,41;218,31;119,64;NO;-12,48;2,09;17,5;22,7;49,1;-5,1;12,0;52,9;47,1;47,9;NO;79,4;YES;https://www.tradingview.com/chart/?symbol=NYSE%3AMTB&interval=W;30513291264,0
MTD;NYSE;1067,97;31,35;1305,58;31,35;NO;-37,27;-24,33;31,5;23,7;49,5;7,8;10,4;43,9;56,1;59,3;NO;79,5;YES;https://www.tradingview.com/chart/?symbol=NYSE%3AMTD&interval=W;21557870592,0
MTX;XETR;287,3;24,87;311,47;24,87;NO;-28,53;-22,44;32,1;24,9;67,3;7,2;15,1;60,5;39,5;76,7;YES;88,9;YES;https://www.tradingview.com/chart/?symbol=XETR%3AMTX&interval=W;15454987264,0
MUV2;XETR;476,5;111,27;554,24;111,63;NO;-21,96;-13,14;18,6;24,7;67,8;-6,1;14,5;58,6;41,4;63,0;NO;58,5;NO;https://www.tradingview.com/chart/?symbol=XETR%3AMUV2&interval=W;60973838336,0
NCLH;NYSE;15,63;32,75;16,96;16,96;NO;-75,49;-31,39;40,9;36,1;87,0;4,8;20,2;56,0;44,0;59,3;NO;94,5;YES;https://www.tradingview.com/chart/?symbol=NYSE%3ANCLH&interval=W;7185073664,0
NDSN;NASDAQ;282,41;16,26;282,71;16,42;NO;-5,64;17,17;14,4;25,8;68,6;-11,4;11,6;44,9;55,1;53,2;NO;72,4;YES;https://www.tradingview.com/chart/?symbol=NASDAQ%3ANDSN&interval=W;15762771968,0
NEM;NYSE;107,39;43,55;114,61;41,66;NO;-18,61;6,1;27,4;32,3;72,6;-4,9;13,2;40,8;59,2;53,0;NO;63,0;NO;https://www.tradingview.com/chart/?symbol=NYSE%3ANEM&interval=W;114644492288,0
NEXI;MIL;3,41;14,8;5,21;5,21;NO;-82,44;-17,9;32,9;34,3;49,9;-1,4;12,4;36,2;63,8;52,5;NO;78,3;YES;https://www.tradingview.com/chart/?symbol=MIL%3ANEXI&interval=W;3994765568,0
NFLX;NASDAQ;88,09;1,4;94,91;1,4;NO;-34,22;-3,19;20,7;37,5;78,6;-16,7;20,0;53,5;46,5;29,0;NO;11,3;NO;https://www.tradingview.com/chart/?symbol=NASDAQ%3ANFLX&interval=W;370929238016,0
NI;NYSE;47,2;7,84;47,28;7,86;NO;-2,67;11,97;5,3;20,0;46,8;-14,7;10,8;54,0;46,0;92,9;YES;57,9;NO;https://www.tradingview.com/chart/?symbol=NYSE%3ANI&interval=W;22610354176,0
NKE;NYSE;43,89;1,93;73,68;1,93;NO;-75,27;-30,64;36,8;27,5;58,0;9,3;13,5;49,2;50,8;80,8;YES;92,4;YES;https://www.tradingview.com/chart/?symbol=NYSE%3ANKE&interval=W;65010941952,0
NOC;NYSE;552,17;55,53;685,28;55,94;NO;-28,1;-5,72;29,6;25,0;58,6;4,6;13,2;52,8;47,2;48,4;NO;26,1;NO;https://www.tradingview.com/chart/?symbol=NYSE%3ANOC&interval=W;78426619904,0
NOW;NYSE;103,3;11,72;105,48;11,72;NO;-55,87;-29,94;45,0;27,1;45,8;17,9;10,2;37,6;62,4;82,6;YES;35,9;NO;https://www.tradingview.com/chart/?symbol=NYSE%3ANOW&interval=W;106534125568,0
NRG;NYSE;133,4;24,97;151,38;25,44;NO;-27,51;-19,72;32,8;28,0;67,3;4,8;15,2;54,1;45,9;94,3;YES;89,2;YES;https://www.tradingview.com/chart/?symbol=NYSE%3ANRG&interval=W;28089473024,0
NSC;NYSE;311,84;50,87;315,04;51,05;NO;-2,99;8,35;12,5;23,7;46,0;-11,3;10,4;44,0;56,0;11,2;NO;28,2;NO;https://www.tradingview.com/chart/?symbol=NYSE%3ANSC&interval=W;70037389312,0
NUE;NYSE;225,1;12,07;230,73;12,07;NO;-3,89;32,88;18,4;30,4;68,9;-11,9;11,3;37,2;62,8;70,1;YES;21,4;NO;https://www.tradingview.com/chart/?symbol=NYSE%3ANUE&interval=W;51245129728,0
NVDA;NASDAQ;223,47;2,45;224,18;2,45;NO;-5,2;18,33;15,5;40,0;89,7;-24,4;20,4;51,0;49,0;15,1;NO;49,8;NO;https://www.tradingview.com/chart/?symbol=NASDAQ%3ANVDA&interval=W;5412560568320,0
NVR;NYSE;5882,07;513,27;7277,4;513,27;NO;-40,73;-19,19;31,3;34,1;95,3;-2,8;20,6;60,4;39,6;70,5;YES;87,7;YES;https://www.tradingview.com/chart/?symbol=NYSE%3ANVR&interval=W;15892675584,0
NWS;NASDAQ;29,47;14,38;30,17;14,38;NO;-16,21;-1,01;17,5;23,2;46,6;-5,7;11,0;47,2;52,8;35,3;NO;56,8;NO;https://www.tradingview.com/chart/?symbol=NASDAQ%3ANWS&interval=W;16101904384,0
NXP;NYSE;14,17;13,89;14,36;14,45;NO;-24,31;0,78;3,7;10,7;22,3;-7,0;5,4;50,7;49,3;80,0;YES;15,0;NO;https://www.tradingview.com/chart/?symbol=NYSE%3ANXP&interval=W;737453376,0
OMC;NYSE;70,68;42,29;76,71;42,72;NO;-33,0;-13,08;17,6;25,6;68,7;-8,0;13,5;52,7;47,3;21,4;NO;97,5;YES;https://www.tradingview.com/chart/?symbol=NYSE%3AOMC&interval=W;20144238592,0
ON;NASDAQ;108,61;6,92;112,5;6,92;NO;-8,25;91,55;22,9;44,2;84,8;-21,3;20,1;45,5;54,5;57,1;NO;50,8;NO;https://www.tradingview.com/chart/?symbol=NASDAQ%3AON&interval=W;42270683136,0
ORCL;NYSE;188,16;3,57;192,74;3,57;NO;-42,69;-3,86;33,3;30,0;80,9;3,3;16,9;56,3;43,7;58,2;NO;4,0;NO;https://www.tradingview.com/chart/?symbol=NYSE%3AORCL&interval=W;541156835328,0
ORLY;NASDAQ;92,22;1,25;94,16;1,26;NO;-14,47;2,08;13,9;21,8;57,0;-7,9;10,6;48,8;51,2;4,1;NO;83,6;YES;https://www.tradingview.com/chart/?symbol=NASDAQ%3AORLY&interval=W;76424101888,0
OTIS;NYSE;70,38;83,32;90,55;87,87;NO;-33,61;-20,33;24,8;16,8;26,6;8,1;5,0;29,8;70,2;39,9;NO;85,1;YES;https://www.tradingview.com/chart/?symbol=NYSE%3AOTIS&interval=W;27025123328,0
PAH3;XETR;31,67;42,11;46,86;45,01;NO;-79,93;-21,57;24,0;33,2;69,6;-9,2;15,1;45,6;54,4;24,0;NO;21,0;NO;https://www.tradingview.com/chart/?symbol=XETR%3APAH3&interval=W;9698936832,0
PCAR;NASDAQ;111,64;1,54;125,51;1,54;NO;-13,78;0,07;15,5;26,0;59,3;-10,5;11,6;44,7;55,3;64,2;NO;81,2;YES;https://www.tradingview.com/chart/?symbol=NASDAQ%3APCAR&interval=W;58754596864,0
PCG;NYSE;16,18;41,69;16,74;16,74;NO;-77,4;-0,58;17,1;23,6;84,4;-6,5;16,8;71,4;28,6;27,4;NO;3,7;NO;https://www.tradingview.com/chart/?symbol=NYSE%3APCG&interval=W;35609972736,0
PDD;NASDAQ;98,15;22,53;97,4;98,56;NO;-51,61;-15,21;22,6;45,2;73,4;-22,7;14,2;31,3;68,7;88,6;YES;37,5;NO;https://www.tradingview.com/chart/?symbol=NASDAQ%3APDD&interval=W;139706368000,0
PEG;NYSE;78,01;32,34;81,17;32,51;NO;-17,46;-3,68;12,1;19,4;53,6;-7,3;9,7;50,3;49,7;12,1;NO;29,1;NO;https://www.tradingview.com/chart/?symbol=NYSE%3APEG&interval=W;38789337088,0
PEP;NASDAQ;149,29;2,54;167,9;2,55;NO;-23,88;4,96;12,8;18,4;58,1;-5,6;9,5;51,8;48,2;1,9;NO;80,5;YES;https://www.tradingview.com/chart/?symbol=NASDAQ%3APEP&interval=W;204070600704,0
PFE;NYSE;25,79;1,0;25,49;26,04;NO;-57,89;2,42;11,3;22,5;50,8;-11,2;9,7;43,0;57,0;50,0;NO;48,9;NO;https://www.tradingview.com/chart/?symbol=NYSE%3APFE&interval=W;146988679168,0
PG;NYSE;142,44;3,08;158,89;3,08;NO;-20,73;0,46;15,5;17,0;54,5;-1,5;9,2;53,9;46,1;41,0;NO;88,9;YES;https://www.tradingview.com/chart/?symbol=NYSE%3APG&interval=W;331685658624,0
PGR;NYSE;202,6;3,0;205,18;3,0;NO;-30,43;-4,49;10,7;24,0;79,3;-13,3;14,1;58,6;41,4;40,6;NO;47,5;NO;https://www.tradingview.com/chart/?symbol=NYSE%3APGR&interval=W;118217113600,0
PH;NYSE;859,44;32,5;905,09;32,77;NO;-15,99;-3,86;16,7;26,5;62,9;-9,8;12,1;45,6;54,4;34,6;NO;22,0;NO;https://www.tradingview.com/chart/?symbol=NYSE%3APH&interval=W;108363685888,0
PHM;NYSE;113,5;10,67;120,02;10,68;NO;-23,85;-4,68;22,8;39,2;82,0;-16,4;16,9;43,0;57,0;75,7;YES;84,0;YES;https://www.tradingview.com/chart/?symbol=NYSE%3APHM&interval=W;21619249152,0
PKG;NYSE;209,17;21,58;212,87;21,58;NO;-15,95;-0,92;17,7;23,2;59,7;-5,5;11,2;48,3;51,7;78,7;YES;94,7;YES;https://www.tradingview.com/chart/?symbol=NYSE%3APKG&interval=W;18855948288,0
PM;NYSE;188,63;86,21;189,34;86,26;NO;-1,68;17,67;19,3;20,4;40,4;-1,1;8,5;41,5;58,5;12,6;NO;82,9;YES;https://www.tradingview.com/chart/?symbol=NYSE%3APM&interval=W;293990957056,0
PNC;NYSE;216,83;53,72;220,75;53,72;NO;-10,58;2,54;17,2;23,9;63,6;-6,7;13,5;56,6;43,4;3,5;NO;47,8;NO;https://www.tradingview.com/chart/?symbol=NYSE%3APNC&interval=W;87071260672,0
PNR;NYSE;73,03;42,73;103,81;43,12;NO;-35,14;-30,76;33,4;27,8;61,6;5,6;12,6;45,3;54,7;63,1;NO;84,4;YES;https://www.tradingview.com/chart/?symbol=NYSE%3APNR&interval=W;11805285376,0
PNW;NYSE;101,43;40,9;103,13;40,9;NO;-2,89;15,08;5,8;21,6;67,7;-15,8;12,3;57,0;43,0;10,7;NO;64,6;NO;https://www.tradingview.com/chart/?symbol=NYSE%3APNW&interval=W;12307163136,0
PODD;NASDAQ;153,63;34,8;241,69;34,93;NO;-56,46;-45,7;50,7;34,6;87,6;16,1;19,4;56,0;44,0;34,5;NO;40,6;NO;https://www.tradingview.com/chart/?symbol=NASDAQ%3APODD&interval=W;10637668352,0
POOL;NASDAQ;179,16;18,64;352,4;18,65;NO;-69,0;-22,01;35,5;24,5;53,2;11,0;12,5;50,9;49,1;55,0;NO;81,7;YES;https://www.tradingview.com/chart/?symbol=NASDAQ%3APOOL&interval=W;6524754944,0
PPG;NYSE;101,99;28,71;127,14;28,71;NO;-44,06;-2,26;26,1;24,3;54,3;1,8;10,5;43,3;56,7;53,2;NO;89,0;YES;https://www.tradingview.com/chart/?symbol=NYSE%3APPG&interval=W;22733570048,0
PRU;NYSE;102,59;55,91;103,09;55,91;NO;-20,79;-9,91;22,5;27,5;85,0;-5,0;18,6;67,6;32,4;51,9;NO;22,2;NO;https://www.tradingview.com/chart/?symbol=NYSE%3APRU&interval=W;35665080320,0
PRY;MIL;146,75;13,3;151,35;13,3;NO;-6,47;63,27;11,5;29,5;66,5;-18,0;14,2;48,2;51,8;53,9;NO;16,0;NO;https://www.tradingview.com/chart/?symbol=MIL%3APRY&interval=W;42132627456,0
PSKY;NASDAQ;10,04;14,16;41,4;14,16;NO;-89,99;-23,82;34,9;38,7;82,9;-3,7;21,6;55,9;44,1;58,2;NO;92,6;YES;https://www.tradingview.com/chart/?symbol=NASDAQ%3APSKY&interval=W;11247689728,0
PTC;NASDAQ;143,99;17,14;154,79;17,14;NO;-33,5;-15,35;23,8;34,5;80,2;-10,7;18,0;52,3;47,7;62,0;NO;29,7;NO;https://www.tradingview.com/chart/?symbol=NASDAQ%3APTC&interval=W;16629947392,0
PWR;NYSE;709,93;25,84;757,76;25,84;NO;-9,59;61,47;9,6;34,4;90,3;-24,8;19,5;56,8;43,2;22,1;NO;52,8;NO;https://www.tradingview.com/chart/?symbol=NYSE%3APWR&interval=W;106532200448,0
PYPL;NASDAQ;44,07;38,56;63,41;61,45;NO;-85,72;-24,2;34,7;29,5;65,3;5,2;15,4;52,3;47,7;52,7;NO;55,9;NO;https://www.tradingview.com/chart/?symbol=NASDAQ%3APYPL&interval=W;38847926272,0
Q;NYSE;152,31;97,23;160,82;97,99;NO;-9,53;79,23;15,6;27,1;27,1;-11,6;0,0;0,0;100,0;62,1;NO;39,1;NO;https://www.tradingview.com/chart/?symbol=NYSE%3AQ&interval=W;31832117248,0
QIA;XETR;29,79;15,08;43,17;15,08;NO;-47,09;-25,96;39,4;25,5;81,0;14,0;14,4;56,3;43,7;52,6;NO;27,1;NO;https://www.tradingview.com/chart/?symbol=XETR%3AQIA&interval=W;6144187904,0
RACE;MIL;296,2;98,56;408,3;99,07;NO;-39,29;-6,35;16,7;23,6;37,2;-6,9;10,5;44,3;55,7;65,0;NO;58,9;NO;https://www.tradingview.com/chart/?symbol=MIL%3ARACE&interval=W;52187922432,0
RCL;NYSE;253,89;38,53;280,1;38,56;NO;-30,6;-10,37;29,0;35,5;84,1;-6,5;21,0;59,2;40,8;31,7;NO;58,8;NO;https://www.tradingview.com/chart/?symbol=NYSE%3ARCL&interval=W;68092022784,0
REC;MIL;50,9;5,22;52,0;5,22;NO;-16,49;5,43;10,6;22,1;54,3;-11,4;12,2;55,4;44,6;0,0;NO;43,3;NO;https://www.tradingview.com/chart/?symbol=MIL%3AREC&interval=W;10356262912,0
RF;NYSE;27,35;33,3;9,48;9,88;NO;-29,64;-0,76;19,2;25,5;73,3;-6,3;15,9;62,5;37,5;54,5;NO;68,8;NO;https://www.tradingview.com/chart/?symbol=NYSE%3ARF&interval=W;23331395584,0
RHM;XETR;1212,8;32,6;1590,69;32,67;NO;-39,01;-24,25;41,7;28,7;68,7;13,0;15,4;53,7;46,3;68,2;NO;77,2;YES;https://www.tradingview.com/chart/?symbol=XETR%3ARHM&interval=W;56446160896,0
RJF;NYSE;151,5;20,16;163,56;20,16;NO;-14,13;-7,4;18,9;28,9;66,2;-10,0;13,2;45,7;54,3;19,8;NO;4,1;NO;https://www.tradingview.com/chart/?symbol=NYSE%3ARJF&interval=W;29569953792,0
RMD;NYSE;206,0;21,87;244,4;22,09;NO;-30,72;-15,85;28,0;26,5;61,6;1,5;12,7;47,9;52,1;19,5;NO;40,6;NO;https://www.tradingview.com/chart/?symbol=NYSE%3ARMD&interval=W;29848252416,0
ROK;NYSE;431,46;5,42;452,1;5,42;NO;-6,07;8,26;19,0;27,0;66,1;-8,0;12,3;45,7;54,3;56,8;NO;14,4;NO;https://www.tradingview.com/chart/?symbol=NYSE%3AROK&interval=W;47873392640,0
ROL;NYSE;52,74;0,73;54,12;0,73;NO;-19,6;-10,63;20,0;24,1;66,5;-4,0;12,8;53,0;47,0;80,1;YES;20,5;NO;https://www.tradingview.com/chart/?symbol=NYSE%3AROL&interval=W;25397207040,0
ROP;NASDAQ;316,84;7,5;356,13;7,5;NO;-46,64;-27,09;27,9;22,9;59,0;5,0;12,8;56,0;44,0;30,6;NO;55,8;NO;https://www.tradingview.com/chart/?symbol=NASDAQ%3AROP&interval=W;31900985344,0
RSG;NYSE;211,61;29,08;213,59;29,14;NO;-18,0;0,67;14,9;19,6;63,3;-4,7;15,0;76,7;23,3;27,7;NO;59,2;NO;https://www.tradingview.com/chart/?symbol=NYSE%3ARSG&interval=W;65034039296,0
RTX;NYSE;174,85;2,55;175,69;2,57;NO;-17,59;-6,62;19,3;24,2;52,3;-4,9;12,3;50,8;49,2;68,6;NO;43,5;NO;https://www.tradingview.com/chart/?symbol=NYSE%3ARTX&interval=W;235467603968,0
RVTY;NYSE;94,63;19,05;95,9;19,05;NO;-52,93;-3,59;30,1;30,5;87,9;-0,4;15,0;49,1;50,9;46,8;NO;74,4;YES;https://www.tradingview.com/chart/?symbol=NYSE%3ARVTY&interval=W;10543514624,0
RWE;XETR;56,36;80,32;30,97;32,72;NO;-43,82;20,25;10,9;25,5;64,2;-14,5;13,2;51,7;48,3;18,8;NO;74,7;YES;https://www.tradingview.com/chart/?symbol=XETR%3ARWE&interval=W;
SAP;XETR;149,72;33,06;170,19;33,3;NO;-46,59;-26,03;36,2;25,4;76,4;10,8;15,7;61,8;38,2;11,0;NO;24,1;NO;https://www.tradingview.com/chart/?symbol=XETR%3ASAP&interval=W;174713536512,0
SBAC;NASDAQ;206,31;36,09;220,76;36,09;NO;-46,97;7,19;18,7;30,0;98,5;-11,3;22,1;73,7;26,3;38,2;NO;77,9;YES;https://www.tradingview.com/chart/?symbol=NASDAQ%3ASBAC&interval=W;21879738368,0
SCHW;NYSE;90,11;18,71;93,9;18,75;NO;-15,95;-11,28;18,1;33,4;72,8;-15,3;15,1;45,2;54,8;26,5;NO;43,0;NO;https://www.tradingview.com/chart/?symbol=NYSE%3ASCHW&interval=W;156713500672,0
SHL;XETR;34,47;37,69;52,37;37,69;NO;-48,71;-22,68;29,3;21,8;37,9;7,4;9,5;43,3;56,7;64,4;NO;16,2;NO;https://www.tradingview.com/chart/?symbol=XETR%3ASHL&interval=W;38578790400,0
SHOP;NASDAQ;105,01;33,13;118,3;33,13;NO;-41,34;-33,2;43,4;38,0;81,2;5,3;14,9;39,2;60,8;46,9;NO;49,0;NO;https://www.tradingview.com/chart/?symbol=NASDAQ%3ASHOP&interval=W;136266719232,0
SHW;NYSE;307,7;4,29;334,38;4,29;NO;-23,02;-6,14;19,7;23,2;46,5;-3,5;10,8;46,6;53,4;2,2;NO;96,1;YES;https://www.tradingview.com/chart/?symbol=NYSE%3ASHW&interval=W;75889778688,0
SJM;NYSE;100,44;105,02;110,39;111,66;NO;-38,22;3,94;22,8;22,4;50,4;0,4;8,4;37,7;62,3;34,2;NO;28,0;NO;https://www.tradingview.com/chart/?symbol=NYSE%3ASJM&interval=W;10721355776,0
SMCI;NASDAQ;33,32;1,61;43,41;1,61;NO;-71,95;7,62;40,3;42,8;84,8;-2,5;15,6;36,5;63,5;76,7;YES;70,3;YES;https://www.tradingview.com/chart/?symbol=NASDAQ%3ASMCI&interval=W;20046481408,0
SNA;NYSE;358,3;31,57;380,05;31,57;NO;-8,3;2,09;8,5;24,7;59,8;-16,2;11,9;48,3;51,7;55,6;NO;94,1;YES;https://www.tradingview.com/chart/?symbol=NYSE%3ASNA&interval=W;18655424512,0
SNDK;NASDAQ;1392,56;607,85;1392,57;621,44;NO;-10,87;405,94;25,9;47,5;47,5;-21,7;0,0;0,0;100,0;81,5;YES;62,8;NO;https://www.tradingview.com/chart/?symbol=NASDAQ%3ASNDK&interval=W;206223884288,0
SO;NYSE;93,62;45,33;94,06;43,58;NO;-6,12;7,39;7,4;17,2;53,3;-9,8;8,8;51,3;48,7;32,6;NO;14,6;NO;https://www.tradingview.com/chart/?symbol=NYSE%3ASO&interval=W;105537937408,0
SPGI;NYSE;417,01;6,24;419,89;6,24;NO;-26,08;-18,66;28,5;24,6;64,4;3,9;12,9;52,3;47,7;65,3;NO;50,8;NO;https://www.tradingview.com/chart/?symbol=NYSE%3ASPGI&interval=W;123434958848,0
SPM;MIL;4,38;20,32;1,86;1,86;NO;-96,53;75,32;9,3;36,9;88,6;-27,7;19,0;51,6;48,4;81,2;YES;76,8;YES;https://www.tradingview.com/chart/?symbol=MIL%3ASPM&interval=W;8504259072,0
SRE;NYSE;91,55;27,25;93,03;27,25;NO;-8,22;2,05;9,5;19,3;45,6;-9,8;9,6;49,5;50,5;11,7;NO;34,9;NO;https://www.tradingview.com/chart/?symbol=NYSE%3ASRE&interval=W;59845324800,0
SRG;MIL;6,35;2,96;6,68;2,96;NO;-6,67;12,5;9,0;17,4;37,6;-8,5;7,5;42,8;57,2;58,5;NO;72,0;YES;https://www.tradingview.com/chart/?symbol=MIL%3ASRG&interval=W;21322698752,0
STE;NYSE;212,52;26,39;221,68;26,39;NO;-20,89;-15,01;24,9;26,3;72,4;-1,4;13,3;50,5;49,5;35,4;NO;37,0;NO;https://www.tradingview.com/chart/?symbol=NYSE%3ASTE&interval=W;20866054144,0
STLAM;MIL;6,05;2,75;8,23;2,76;NO;-77,72;-37,74;43,1;35,5;74,0;7,6;14,2;40,1;59,9;46,0;NO;4,0;NO;https://www.tradingview.com/chart/?symbol=MIL%3ASTLAM&interval=W;17521229824,0
STLD;NASDAQ;227,78;14,39;234,4;14,39;NO;-5,82;29,38;20,3;34,9;87,1;-14,6;16,2;46,3;53,7;61,5;NO;51,3;NO;https://www.tradingview.com/chart/?symbol=NASDAQ%3ASTLD&interval=W;32871862272,0
STX;NASDAQ;751,07;11,53;795,07;11,53;NO;-9,94;161,21;21,0;38,8;84,4;-17,8;15,3;39,3;60,7;27,2;NO;2,9;NO;https://www.tradingview.com/chart/?symbol=NASDAQ%3ASTX&interval=W;168411676672,0
STZ;NYSE;147,93;19,88;149,17;19,98;NO;-45,77;4,79;15,7;27,7;66,8;-12,0;14,0;50,5;49,5;72,2;YES;60,1;NO;https://www.tradingview.com/chart/?symbol=NYSE%3ASTZ&interval=W;25456183296,0
SW;NYSE;36,43;51,74;42,44;42,44;NO;-48,16;-8,01;31,3;34,3;49,9;-3,0;10,8;31,5;68,5;61,8;NO;96,9;YES;https://www.tradingview.com/chart/?symbol=NYSE%3ASW&interval=W;19101714432,0
SWK;NYSE;73,98;49,27;87,08;76,66;NO;-66,48;-3,26;26,9;27,3;63,3;-0,3;12,9;47,3;52,7;18,3;NO;83,4;YES;https://www.tradingview.com/chart/?symbol=NYSE%3ASWK&interval=W;11500603392,0
SWKS;NASDAQ;73,39;6,25;106,85;6,31;NO;-63,24;13,97;20,8;43,7;87,3;-22,9;14,8;34,0;66,0;93,0;YES;32,9;NO;https://www.tradingview.com/chart/?symbol=NASDAQ%3ASWKS&interval=W;11044310016,0
SY1;XETR;76,84;18,55;97,29;18,55;NO;-41,48;12,4;11,0;21,7;59,0;-10,7;11,8;54,2;45,8;19,4;NO;37,6;NO;https://www.tradingview.com/chart/?symbol=XETR%3ASY1&interval=W;10740083712,0
SYF;NYSE;70,62;31,63;73,3;31,7;NO;-20,18;-16,57;27,9;29,1;64,9;-1,2;15,9;54,6;45,4;58,4;NO;39,6;NO;https://www.tradingview.com/chart/?symbol=NYSE%3ASYF&interval=W;23784738816,0
SYK;NYSE;321,49;4,22;365,19;4,22;NO;-20,33;-7,67;27,1;25,0;55,2;2,1;11,7;46,8;53,2;49,4;NO;70,5;YES;https://www.tradingview.com/chart/?symbol=NYSE%3ASYK&interval=W;123246649344,0
T;NYSE;24,93;3,89;26,07;26,05;NO;-44,19;1,51;17,4;20,1;50,0;-2,7;10,2;51,0;49,0;68,4;NO;78,9;YES;https://www.tradingview.com/chart/?symbol=NYSE%3AT&interval=W;173222084608,0
TAP;NYSE;42,66;43,12;52,54;45,31;NO;-61,65;-10,0;25,1;27,2;45,0;-2,1;9,3;34,2;65,8;62,1;NO;83,2;YES;https://www.tradingview.com/chart/?symbol=NYSE%3ATAP&interval=W;7997189632,0
TDG;NYSE;1185,95;37,77;1281,84;37,77;NO;-26,83;-12,7;21,9;21,0;62,6;0,9;12,2;58,1;41,9;40,4;NO;83,9;YES;https://www.tradingview.com/chart/?symbol=NYSE%3ATDG&interval=W;66395963392,0
TDY;NYSE;606,99;42,76;636,21;42,79;NO;-11,85;17,01;15,2;24,5;55,8;-9,3;13,9;56,7;43,3;6,9;NO;22,1;NO;https://www.tradingview.com/chart/?symbol=NYSE%3ATDY&interval=W;28195885056,0
TECH;NASDAQ;46,16;7,01;53,51;7,01;NO;-65,74;-22,62;39,3;26,6;56,8;12,7;11,3;42,5;57,5;44,6;NO;96,3;YES;https://www.tradingview.com/chart/?symbol=NASDAQ%3ATECH&interval=W;7227213824,0
TEL;NYSE;201,49;34,71;230,62;34,92;NO;-19,08;-13,61;20,8;25,7;67,7;-4,9;16,0;62,3;37,7;22,2;NO;8,8;NO;https://www.tradingview.com/chart/?symbol=NYSE%3ATEL&interval=W;58744033280,0
TER;NASDAQ;344,42;13,22;354,62;13,22;NO;-17,62;65,94;26,7;41,2;81,7;-14,5;16,3;39,6;60,4;82,5;YES;55,2;NO;https://www.tradingview.com/chart/?symbol=NASDAQ%3ATER&interval=W;54116626432,0
TIT;MIL;0,72;18,38;0,36;0,36;NO;-96,23;41,9;12,7;35,0;74,2;-22,3;15,2;43,6;56,4;60,4;NO;61,0;NO;https://www.tradingview.com/chart/?symbol=MIL%3ATIT&interval=W;16090237952,0
TJX;NYSE;159,21;1,7;160,4;1,7;NO;-3,51;3,2;10,9;28,8;83,5;-18,0;16,2;56,1;43,9;41,0;NO;69,9;NO;https://www.tradingview.com/chart/?symbol=NYSE%3ATJX&interval=W;176056696832,0
TMO;NYSE;451,79;48,32;552,32;48,32;NO;-32,29;-23,75;31,5;28,2;79,0;3,2;15,2;54,1;45,9;38,8;NO;90,0;YES;https://www.tradingview.com/chart/?symbol=NYSE%3ATMO&interval=W;167894876160,0
TMUS;NASDAQ;190,16;19,17;195,92;19,17;NO;-30,3;-4,72;17,7;31,1;68,8;-13,5;18,1;58,3;41,7;9,4;NO;63,9;NO;https://www.tradingview.com/chart/?symbol=NASDAQ%3ATMUS&interval=W;205792051200,0
TPL;NYSE;404,52;6,0;527,58;6,07;NO;-29,85;35,76;30,0;27,7;64,4;2,3;14,0;50,6;49,4;50,8;NO;32,7;NO;https://www.tradingview.com/chart/?symbol=NYSE%3ATPL&interval=W;27881451520,0
TPR;NYSE;136,63;36,28;143,1;36,28;NO;-14,87;5,86;19,4;34,8;64,1;-15,4;12,9;37,1;62,9;49,5;NO;64,8;NO;https://www.tradingview.com/chart/?symbol=NYSE%3ATPR&interval=W;27500306432,0
TRGP;NYSE;271,11;45,53;271,4;45,96;NO;-1,84;45,16;7,8;35,0;88,7;-27,2;21,1;60,3;39,7;40,7;NO;90,1;YES;https://www.tradingview.com/chart/?symbol=NYSE%3ATRGP&interval=W;58379386880,0
TRMB;NASDAQ;55,04;3,88;66,87;3,88;NO;-42,5;-29,73;33,1;36,1;71,3;-3,0;16,6;45,9;54,1;52,0;NO;86,6;YES;https://www.tradingview.com/chart/?symbol=NASDAQ%3ATRMB&interval=W;12836285440,0
TRN;MIL;10,01;2,72;10,08;2,72;NO;-3,0;10,27;8,1;15,7;30,6;-7,6;7,3;46,8;53,2;74,2;YES;83,3;YES;https://www.tradingview.com/chart/?symbol=MIL%3ATRN&interval=W;20087646208,0
TROW;NASDAQ;101,42;2,83;106,19;2,83;NO;-54,69;-3,06;20,9;28,1;65,0;-7,1;14,3;51,1;48,9;4,0;NO;65,5;NO;https://www.tradingview.com/chart/?symbol=NASDAQ%3ATROW&interval=W;21722347520,0
TSCO;NASDAQ;31,04;2,04;53,65;2,04;NO;-50,45;-38,93;46,4;28,7;67,4;17,7;11,5;40,1;59,9;53,1;NO;1,2;NO;https://www.tradingview.com/chart/?symbol=NASDAQ%3ATSCO&interval=W;16273671168,0
TT;NYSE;451,69;27,29;472,56;27,29;NO;-8,29;13,49;14,5;26,7;74,1;-12,2;12,6;47,1;52,9;86,0;YES;6,4;NO;https://www.tradingview.com/chart/?symbol=NYSE%3ATT&interval=W;99848544256,0
TTD;NASDAQ;20,8;3,62;23,47;20,68;NO;-85,09;-44,8;49,9;40,8;71,4;9,1;14,9;36,5;63,5;31,1;NO;52,3;NO;https://www.tradingview.com/chart/?symbol=NASDAQ%3ATTD&interval=W;9785305088,0
TXT;NYSE;88,92;18,79;91,41;18,79;NO;-11,76;2,15;14,7;28,6;82,8;-13,9;15,2;53,2;46,8;32,6;NO;67,2;NO;https://www.tradingview.com/chart/?symbol=NYSE%3ATXT&interval=W;15423951872,0
TYL;NYSE;307,13;7,51;341,51;7,51;NO;-52,51;-29,53;36,7;32,1;85,9;4,6;17,0;52,8;47,2;8,5;NO;15,2;NO;https://www.tradingview.com/chart/?symbol=NYSE%3ATYL&interval=W;12635705344,0
UBER;NYSE;74,6;30,83;74,83;30,83;NO;-25,47;-9,97;21,0;39,5;64,1;-18,5;15,4;39,0;61,0;68,3;NO;9,9;NO;https://www.tradingview.com/chart/?symbol=NYSE%3AUBER&interval=W;151855677440,0
UCG;MIL;70,47;139,72;8,57;8,57;NO;-72,19;-0,8;24,2;34,3;73,6;-10,1;18,4;53,7;46,3;61,4;NO;35,3;NO;https://www.tradingview.com/chart/?symbol=MIL%3AUCG&interval=W;105583607808,0
UDR;NYSE;37,35;24,38;40,47;36,4;NO;-38,56;1,8;15,6;18,1;61,4;-2,6;12,3;68,0;32,0;72,0;YES;8,1;NO;https://www.tradingview.com/chart/?symbol=NYSE%3AUDR&interval=W;13833201664,0
UHS;NYSE;161,06;23,84;168,86;23,84;NO;-34,04;-26,75;31,5;26,9;56,8;4,6;11,3;42,0;58,0;22,1;NO;17,6;NO;https://www.tradingview.com/chart/?symbol=NYSE%3AUHS&interval=W;9730613248,0
ULTA;NASDAQ;493,32;97,38;531,75;243,48;NO;-30,21;-20,44;32,1;32,3;65,2;-0,2;15,5;48,0;52,0;57,6;NO;79,2;YES;https://www.tradingview.com/chart/?symbol=NASDAQ%3AULTA&interval=W;21601521664,0
UNI;MIL;21,51;57,34;4,66;4,66;NO;-80,39;4,77;11,5;31,7;79,1;-20,2;17,7;55,9;44,1;78,1;YES;8,6;NO;https://www.tradingview.com/chart/?symbol=MIL%3AUNI&interval=W;15427047424,0
UPS;NYSE;98,87;71,94;98,87;71,94;NO;-57,4;-2,13;21,0;20,6;40,2;0,4;9,3;45,3;54,7;55,1;NO;45,1;NO;https://www.tradingview.com/chart/?symbol=NYSE%3AUPS&interval=W;84040122368,0
V;NYSE;330,75;21,62;346,36;21,62;NO;-11,4;-4,54;17,4;18,4;47,6;-1,0;11,1;60,2;39,8;60,2;NO;60,5;NO;https://www.tradingview.com/chart/?symbol=NYSE%3AV&interval=W;629001748480,0
VICI;NYSE;28,16;29,63;31,49;28,57;NO;-20,74;0,04;12,4;21,4;60,2;-9,0;14,6;68,3;31,7;31,6;NO;70,1;YES;https://www.tradingview.com/chart/?symbol=NYSE%3AVICI&interval=W;30322128896,0
VLO;NYSE;253,77;19,43;254,59;19,49;NO;-3,37;53,51;12,1;34,4;79,8;-22,4;15,4;44,7;55,3;37,4;NO;56,8;NO;https://www.tradingview.com/chart/?symbol=NYSE%3AVLO&interval=W;75352629248,0
VLTO;NYSE;85,15;77,03;101,97;98,34;NO;-25,04;-13,55;17,8;16,5;20,7;1,3;4,1;25,0;75,0;17,8;NO;59,1;NO;https://www.tradingview.com/chart/?symbol=NYSE%3AVLTO&interval=W;20893128704,0
VMC;NYSE;259,53;44,51;266,01;44,51;NO;-21,42;-11,32;22,2;23,2;51,1;-1,1;11,1;47,8;52,2;62,2;NO;88,0;YES;https://www.tradingview.com/chart/?symbol=NYSE%3AVMC&interval=W;33736271872,0
VNA;XETR;22,33;27,99;26,37;28,07;NO;-61,69;-7,42;26,9;22,7;62,9;4,3;15,1;66,7;33,3;63,1;NO;51,9;NO;https://www.tradingview.com/chart/?symbol=XETR%3AVNA&interval=W;18945335296,0
VRSK;NASDAQ;168,12;29,12;218,98;29,13;NO;-47,68;-23,93;30,3;16,2;35,3;14,1;7,7;47,4;52,6;36,3;NO;50,8;NO;https://www.tradingview.com/chart/?symbol=NASDAQ%3AVRSK&interval=W;22014289920,0
VRT;NYSE;315,67;16,24;331,01;16,24;NO;-16,1;79,76;16,1;34,8;66,3;-18,7;23,8;68,3;31,7;34,8;NO;76,3;YES;https://www.tradingview.com/chart/?symbol=NYSE%3AVRT&interval=W;121251627008,0
VRTX;NASDAQ;430,44;29,61;460,46;29,61;NO;-16,7;-4,8;15,2;36,5;77,8;-21,2;14,7;40,5;59,5;22,2;NO;26,4;NO;https://www.tradingview.com/chart/?symbol=NASDAQ%3AVRTX&interval=W;109248004096,0
VST;NYSE;146,33;21,94;163,79;21,94;NO;-32,85;-11,44;25,2;28,3;48,9;-3,0;12,4;43,9;56,1;84,6;YES;55,7;NO;https://www.tradingview.com/chart/?symbol=NYSE%3AVST&interval=W;49280901120,0
WAB;NYSE;256,15;17,78;265,56;17,78;NO;-5,46;18,43;10,8;28,2;54,3;-17,4;12,1;42,9;57,1;19,5;NO;16,9;NO;https://www.tradingview.com/chart/?symbol=NYSE%3AWAB&interval=W;43660099584,0
WDAY;NASDAQ;119,12;80,37;235,42;80,37;NO;-61,23;-42,12;46,7;28,2;49,7;18,5;11,0;38,9;61,1;34,4;NO;10,6;NO;https://www.tradingview.com/chart/?symbol=NASDAQ%3AWDAY&interval=W;29782493184,0
WDC;NASDAQ;459,62;26,88;479,58;26,88;NO;-10,9;144,87;20,6;47,9;92,9;-27,3;18,6;38,9;61,1;46,6;NO;11,6;NO;https://www.tradingview.com/chart/?symbol=NASDAQ%3AWDC&interval=W;158422810624,0
WEC;NYSE;110,94;12,6;115,08;12,6;NO;-6,6;4,2;8,1;16,0;38,4;-7,9;6,5;40,8;59,2;57,6;NO;75,4;YES;https://www.tradingview.com/chart/?symbol=NYSE%3AWEC&interval=W;36140892160,0
WFC;NYSE;75,81;25,3;80,79;25,3;NO;-21,35;-20,37;23,8;23,2;72,9;0,6;14,1;60,5;39,5;4,7;NO;76,4;YES;https://www.tradingview.com/chart/?symbol=NYSE%3AWFC&interval=W;231992950784,0
WM;NYSE;219,59;34,11;227,87;34,11;NO;-10,92;0,54;13,1;23,3;75,6;-10,1;14,6;62,6;37,4;31,0;NO;43,8;NO;https://www.tradingview.com/chart/?symbol=NYSE%3AWM&interval=W;88182013952,0
WMT;NASDAQ;130,85;17,93;132,05;17,93;NO;-2,5;16,04;11,1;21,1;62,8;-10,0;11,6;55,1;44,9;40,7;NO;16,8;NO;https://www.tradingview.com/chart/?symbol=NASDAQ%3AWMT&interval=W;1043004194816,0
WSM;NYSE;178,97;2,41;181,07;2,41;NO;-18,9;-4,73;23,6;34,0;83,0;-10,4;15,8;46,4;53,6;67,0;NO;96,8;YES;https://www.tradingview.com/chart/?symbol=NYSE%3AWSM&interval=W;21099487232,0
WTW;NASDAQ;250,37;95,13;289,83;95,13;NO;-28,45;-23,26;28,7;19,0;46,0;9,7;8,5;44,5;55,5;24,8;NO;41,6;NO;https://www.tradingview.com/chart/?symbol=NASDAQ%3AWTW&interval=W;23634812928,0
WY;NYSE;22,99;26,05;31,2;26,05;NO;-45,99;-3,4;17,0;27,6;71,4;-10,6;12,8;46,3;53,7;87,8;YES;62,3;NO;https://www.tradingview.com/chart/?symbol=NYSE%3AWY&interval=W;16576770048,0
WYNN;NASDAQ;96,99;100,33;94,65;100,82;NO;-60,88;-20,87;22,7;37,1;74,1;-14,4;18,9;51,0;49,0;49,3;NO;72,8;YES;https://www.tradingview.com/chart/?symbol=NASDAQ%3AWYNN&interval=W;10070425600,0
XYL;NYSE;106,77;37,19;120,78;26,47;NO;-30,19;-22,13;27,2;20,5;38,3;6,7;8,2;39,7;60,3;64,7;NO;87,9;YES;https://www.tradingview.com/chart/?symbol=NYSE%3AXYL&interval=W;25378533376,0
XYZ;NYSE;68,96;74,05;66,95;62,57;NO;-75,53;5,85;31,3;42,6;68,6;-11,3;15,5;36,4;63,6;23,1;NO;69,0;NO;https://www.tradingview.com/chart/?symbol=NYSE%3AXYZ&interval=W;41040707584,0
YUM;NYSE;150,72;5,92;158,1;5,92;NO;-10,37;0,15;10,9;21,1;51,4;-10,2;11,8;55,7;44,3;14,2;NO;35,1;NO;https://www.tradingview.com/chart/?symbol=NYSE%3AYUM&interval=W;41549897728,0
ZAL;XETR;20,57;41,52;22,38;23,12;NO;-80,34;-16,59;28,1;36,3;73,4;-8,2;17,4;47,9;52,1;76,4;YES;23,4;NO;https://www.tradingview.com/chart/?symbol=XETR%3AZAL&interval=W;5305077760,0
ZBH;NYSE;84,39;65,57;107,48;111,79;NO;-51,3;-6,25;21,2;24,9;56,1;-3,7;10,7;43,2;56,8;50,0;NO;22,9;NO;https://www.tradingview.com/chart/?symbol=NYSE%3AZBH&interval=W;16331986944,0
ZBRA;NASDAQ;237,82;21,95;258,94;21,95;NO;-61,3;-4,22;27,3;31,4;61,4;-4,1;13,6;43,4;56,6;39,7;NO;74,0;YES;https://www.tradingview.com/chart/?symbol=NASDAQ%3AZBRA&interval=W;11346750464,0
ZTS;NYSE;76,83;30,38;168,04;30,39;NO;-68,9;-38,99;43,4;22,0;44,0;21,4;10,8;49,1;50,9;38,9;NO;81,1;YES;https://www.tradingview.com/chart/?symbol=NYSE%3AZTS&interval=W;32230256640,0
